<?xml version="1.0" encoding="UTF-8"?>
<zabbix_export version="1.0" date="15.09.11" time="08.55">
  <hosts>
    <host name="Tpl_Tribily_App_PostgreSQL_Extended_v1.0">
      <proxy_hostid>0</proxy_hostid>
      <useip>1</useip>
      <dns></dns>
      <ip>127.0.0.1</ip>
      <port>10050</port>
      <status>3</status>
      <useipmi>0</useipmi>
      <ipmi_ip>127.0.0.1</ipmi_ip>
      <ipmi_port>623</ipmi_port>
      <ipmi_authtype>0</ipmi_authtype>
      <ipmi_privilege>2</ipmi_privilege>
      <ipmi_username></ipmi_username>
      <ipmi_password></ipmi_password>
      <groups>
        <group>Templates</group>
      </groups>
      <triggers>
        <trigger>
          <description>PostgreSQL is not running on {HOSTNAME}</description>
          <type>0</type>
          <expression>{Tpl_Tribily_App_PostgreSQL_Extended_v1.0:psql.server_processes.last(0)}&lt;1</expression>
          <url></url>
          <status>0</status>
          <priority>5</priority>
          <comments>The PostgreSQL server process is not running on this server, this might be because it has crashed.</comments>
        </trigger>
        <trigger>
          <description>No New Data received from PostgreSQL on {HOSTNAME} in last 10 minutes</description>
          <type>0</type>
          <expression>{Tpl_Tribily_App_PostgreSQL_Extended_v1.0:psql.server_processes.nodata(600)}=1</expression>
          <url></url>
          <status>0</status>
          <priority>5</priority>
          <comments>We haven't received any PostgreSQL data from this machine for 10 minutes, which indicates something might be wrong with the PostgreSQL server.</comments>
        </trigger>
        <trigger>
          <description>Low free disk space on {HOSTNAME} volume $1</description>
          <type>0</type>
          <expression>{Tpl_Tribily_App_PostgreSQL_Extended_v1.0:vfs.fs.size[{$POSTGRESQL_ROOT},free].last(0)}&lt;{$MIN_FREE_ROOT}</expression>
          <url></url>
          <status>0</status>
          <priority>4</priority>
          <comments>The filesystem that PostgreSQL is using for it's data files is almost full. Please free up some space to make sure PostgreSQL can keep functioning properly.</comments>
        </trigger>
      </triggers>
      <items>
        <item type="7" key="proc.mem[postgres]" value_type="3">
          <description>Used memory of $1</description>
          <ipmi_sensor></ipmi_sensor>
          <delay>300</delay>
          <history>60</history>
          <trends>365</trends>
          <status>0</status>
          <data_type>0</data_type>
          <units>B</units>
          <multiplier>0</multiplier>
          <delta>0</delta>
          <formula>1</formula>
          <lastlogsize>0</lastlogsize>
          <logtimefmt></logtimefmt>
          <delay_flex></delay_flex>
          <authtype>0</authtype>
          <username></username>
          <password></password>
          <publickey></publickey>
          <privatekey></privatekey>
          <params></params>
          <trapper_hosts></trapper_hosts>
          <snmp_community></snmp_community>
          <snmp_oid></snmp_oid>
          <snmp_port>161</snmp_port>
          <snmpv3_securityname></snmpv3_securityname>
          <snmpv3_securitylevel>0</snmpv3_securitylevel>
          <snmpv3_authpassphrase></snmpv3_authpassphrase>
          <snmpv3_privpassphrase></snmpv3_privpassphrase>
          <applications>
            <application>PostgreSQL</application>
          </applications>
        </item>
        <item type="7" key="psql.db_connections[{$DB1}]" value_type="3">
          <description>PostgreSQL active connections on $1</description>
          <ipmi_sensor></ipmi_sensor>
          <delay>300</delay>
          <history>60</history>
          <trends>365</trends>
          <status>1</status>
          <data_type>0</data_type>
          <units></units>
          <multiplier>0</multiplier>
          <delta>0</delta>
          <formula>0</formula>
          <lastlogsize>0</lastlogsize>
          <logtimefmt></logtimefmt>
          <delay_flex></delay_flex>
          <authtype>0</authtype>
          <username></username>
          <password></password>
          <publickey></publickey>
          <privatekey></privatekey>
          <params></params>
          <trapper_hosts></trapper_hosts>
          <snmp_community></snmp_community>
          <snmp_oid></snmp_oid>
          <snmp_port>161</snmp_port>
          <snmpv3_securityname></snmpv3_securityname>
          <snmpv3_securitylevel>0</snmpv3_securitylevel>
          <snmpv3_authpassphrase></snmpv3_authpassphrase>
          <snmpv3_privpassphrase></snmpv3_privpassphrase>
          <applications>
            <application>PostgreSQL</application>
          </applications>
        </item>
        <item type="7" key="psql.db_size[{$DB1}]" value_type="3">
          <description>PostgreSQL Database size of $1</description>
          <ipmi_sensor></ipmi_sensor>
          <delay>300</delay>
          <history>60</history>
          <trends>365</trends>
          <status>1</status>
          <data_type>0</data_type>
          <units></units>
          <multiplier>0</multiplier>
          <delta>0</delta>
          <formula>0</formula>
          <lastlogsize>0</lastlogsize>
          <logtimefmt></logtimefmt>
          <delay_flex></delay_flex>
          <authtype>0</authtype>
          <username></username>
          <password></password>
          <publickey></publickey>
          <privatekey></privatekey>
          <params></params>
          <trapper_hosts></trapper_hosts>
          <snmp_community></snmp_community>
          <snmp_oid></snmp_oid>
          <snmp_port>161</snmp_port>
          <snmpv3_securityname></snmpv3_securityname>
          <snmpv3_securitylevel>0</snmpv3_securitylevel>
          <snmpv3_authpassphrase></snmpv3_authpassphrase>
          <snmpv3_privpassphrase></snmpv3_privpassphrase>
          <applications>
            <application>PostgreSQL</application>
          </applications>
        </item>
        <item type="7" key="psql.server_processes" value_type="3">
          <description>PostgreSQL number of processes</description>
          <ipmi_sensor></ipmi_sensor>
          <delay>300</delay>
          <history>60</history>
          <trends>365</trends>
          <status>0</status>
          <data_type>0</data_type>
          <units></units>
          <multiplier>0</multiplier>
          <delta>0</delta>
          <formula>0</formula>
          <lastlogsize>0</lastlogsize>
          <logtimefmt></logtimefmt>
          <delay_flex></delay_flex>
          <authtype>0</authtype>
          <username></username>
          <password></password>
          <publickey></publickey>
          <privatekey></privatekey>
          <params></params>
          <trapper_hosts></trapper_hosts>
          <snmp_community></snmp_community>
          <snmp_oid></snmp_oid>
          <snmp_port>161</snmp_port>
          <snmpv3_securityname></snmpv3_securityname>
          <snmpv3_securitylevel>0</snmpv3_securitylevel>
          <snmpv3_authpassphrase></snmpv3_authpassphrase>
          <snmpv3_privpassphrase></snmpv3_privpassphrase>
          <applications>
            <application>PostgreSQL</application>
          </applications>
        </item>
        <item type="7" key="psql.tx_committed" value_type="3">
          <description>Total committed transactions on DB</description>
          <ipmi_sensor></ipmi_sensor>
          <delay>300</delay>
          <history>60</history>
          <trends>365</trends>
          <status>0</status>
          <data_type>0</data_type>
          <units></units>
          <multiplier>0</multiplier>
          <delta>0</delta>
          <formula>0</formula>
          <lastlogsize>0</lastlogsize>
          <logtimefmt></logtimefmt>
          <delay_flex></delay_flex>
          <authtype>0</authtype>
          <username></username>
          <password></password>
          <publickey></publickey>
          <privatekey></privatekey>
          <params></params>
          <trapper_hosts></trapper_hosts>
          <snmp_community></snmp_community>
          <snmp_oid></snmp_oid>
          <snmp_port>161</snmp_port>
          <snmpv3_securityname></snmpv3_securityname>
          <snmpv3_securitylevel>0</snmpv3_securitylevel>
          <snmpv3_authpassphrase></snmpv3_authpassphrase>
          <snmpv3_privpassphrase></snmpv3_privpassphrase>
          <applications>
            <application>PostgreSQL</application>
          </applications>
        </item>
        <item type="7" key="psql.tx_rolledback" value_type="3">
          <description>Total rollbacked transactions on DB</description>
          <ipmi_sensor></ipmi_sensor>
          <delay>300</delay>
          <history>60</history>
          <trends>365</trends>
          <status>0</status>
          <data_type>0</data_type>
          <units></units>
          <multiplier>0</multiplier>
          <delta>0</delta>
          <formula>0</formula>
          <lastlogsize>0</lastlogsize>
          <logtimefmt></logtimefmt>
          <delay_flex></delay_flex>
          <authtype>0</authtype>
          <username></username>
          <password></password>
          <publickey></publickey>
          <privatekey></privatekey>
          <params></params>
          <trapper_hosts></trapper_hosts>
          <snmp_community></snmp_community>
          <snmp_oid></snmp_oid>
          <snmp_port>161</snmp_port>
          <snmpv3_securityname></snmpv3_securityname>
          <snmpv3_securitylevel>0</snmpv3_securitylevel>
          <snmpv3_authpassphrase></snmpv3_authpassphrase>
          <snmpv3_privpassphrase></snmpv3_privpassphrase>
          <applications>
            <application>PostgreSQL</application>
          </applications>
        </item>
        <item type="7" key="psql.version" value_type="1">
          <description>PostgreSQL version</description>
          <ipmi_sensor></ipmi_sensor>
          <delay>1800</delay>
          <history>60</history>
          <trends>365</trends>
          <status>0</status>
          <data_type>0</data_type>
          <units></units>
          <multiplier>0</multiplier>
          <delta>0</delta>
          <formula>0</formula>
          <lastlogsize>0</lastlogsize>
          <logtimefmt></logtimefmt>
          <delay_flex></delay_flex>
          <authtype>0</authtype>
          <username></username>
          <password></password>
          <publickey></publickey>
          <privatekey></privatekey>
          <params></params>
          <trapper_hosts></trapper_hosts>
          <snmp_community></snmp_community>
          <snmp_oid></snmp_oid>
          <snmp_port>161</snmp_port>
          <snmpv3_securityname></snmpv3_securityname>
          <snmpv3_securitylevel>0</snmpv3_securitylevel>
          <snmpv3_authpassphrase></snmpv3_authpassphrase>
          <snmpv3_privpassphrase></snmpv3_privpassphrase>
          <applications>
            <application>PostgreSQL</application>
          </applications>
        </item>
        <item type="7" key="vfs.fs.size[{$POSTGRESQL_ROOT},free]" value_type="3">
          <description>Free disk space on $1</description>
          <ipmi_sensor></ipmi_sensor>
          <delay>1800</delay>
          <history>60</history>
          <trends>365</trends>
          <status>0</status>
          <data_type>0</data_type>
          <units>B</units>
          <multiplier>0</multiplier>
          <delta>0</delta>
          <formula>1</formula>
          <lastlogsize>0</lastlogsize>
          <logtimefmt></logtimefmt>
          <delay_flex></delay_flex>
          <authtype>0</authtype>
          <username></username>
          <password></password>
          <publickey></publickey>
          <privatekey></privatekey>
          <params></params>
          <trapper_hosts></trapper_hosts>
          <snmp_community></snmp_community>
          <snmp_oid></snmp_oid>
          <snmp_port>161</snmp_port>
          <snmpv3_securityname></snmpv3_securityname>
          <snmpv3_securitylevel>0</snmpv3_securitylevel>
          <snmpv3_authpassphrase></snmpv3_authpassphrase>
          <snmpv3_privpassphrase></snmpv3_privpassphrase>
          <applications>
            <application>PostgreSQL</application>
          </applications>
        </item>
      </items>
      <templates/>
      <graphs>
        <graph name="postgresql_transactions_vs_memory" width="900" height="200">
          <ymin_type>0</ymin_type>
          <ymax_type>0</ymax_type>
          <ymin_item_key></ymin_item_key>
          <ymax_item_key></ymax_item_key>
          <show_work_period>0</show_work_period>
          <show_triggers>0</show_triggers>
          <graphtype>0</graphtype>
          <yaxismin>0.0000</yaxismin>
          <yaxismax>100.0000</yaxismax>
          <show_legend>0</show_legend>
          <show_3d>0</show_3d>
          <percent_left>0.0000</percent_left>
          <percent_right>0.0000</percent_right>
          <graph_elements>
            <graph_element item="Tpl_Tribily_App_PostgreSQL_Extended_v1.0:psql.tx_committed">
              <drawtype>2</drawtype>
              <sortorder>0</sortorder>
              <color>009900</color>
              <yaxisside>0</yaxisside>
              <calc_fnc>2</calc_fnc>
              <type>0</type>
              <periods_cnt>5</periods_cnt>
            </graph_element>
            <graph_element item="Tpl_Tribily_App_PostgreSQL_Extended_v1.0:proc.mem[postgres]">
              <drawtype>2</drawtype>
              <sortorder>1</sortorder>
              <color>0000CC</color>
              <yaxisside>0</yaxisside>
              <calc_fnc>2</calc_fnc>
              <type>0</type>
              <periods_cnt>5</periods_cnt>
            </graph_element>
          </graph_elements>
        </graph>
      </graphs>
      <macros>
        <macro>
          <value>testdb</value>
          <name>{$DB1}</name>
        </macro>
        <macro>
          <value>1G</value>
          <name>{$MIN_FREE_ROOT}</name>
        </macro>
        <macro>
          <value>/var/lib/postgresql</value>
          <name>{$POSTGRESQL_ROOT}</name>
        </macro>
      </macros>
    </host>
  </hosts>
  <dependencies/>
</zabbix_export>
