<?xml version="1.0" encoding="UTF-8"?>
<zabbix_export version="1.0" date="15.09.11" time="08.59">
  <hosts>
    <host name="Tpl_Tribily_App_Nginx_Extended_v1.0">
      <proxy_hostid>0</proxy_hostid>
      <useip>1</useip>
      <dns></dns>
      <ip>127.0.0.1</ip>
      <port>10050</port>
      <status>3</status>
      <useipmi>0</useipmi>
      <ipmi_ip>127.0.0.1</ipmi_ip>
      <ipmi_port>623</ipmi_port>
      <ipmi_authtype>0</ipmi_authtype>
      <ipmi_privilege>2</ipmi_privilege>
      <ipmi_username></ipmi_username>
      <ipmi_password></ipmi_password>
      <groups>
        <group>Templates</group>
      </groups>
      <triggers>
        <trigger>
          <description>nginx is down on {HOSTNAME}</description>
          <type>0</type>
          <expression>{Tpl_Tribily_App_Nginx_Extended_v1.0:proc.num[nginx].last(0)}=0</expression>
          <url></url>
          <status>0</status>
          <priority>4</priority>
          <comments>The number of processes named 'nginx' that is running is currently 0. This indicates there's a problem with nginx.</comments>
        </trigger>
      </triggers>
      <items>
        <item type="7" key="nginx.accepts" value_type="0">
          <description>Nginx: accepts per second</description>
          <ipmi_sensor></ipmi_sensor>
          <delay>90</delay>
          <history>60</history>
          <trends>365</trends>
          <status>0</status>
          <data_type>0</data_type>
          <units></units>
          <multiplier>1</multiplier>
          <delta>1</delta>
          <formula>1</formula>
          <lastlogsize>0</lastlogsize>
          <logtimefmt></logtimefmt>
          <delay_flex></delay_flex>
          <authtype>0</authtype>
          <username></username>
          <password></password>
          <publickey></publickey>
          <privatekey></privatekey>
          <params>DSN=&lt;database source name&gt;\nuser=&lt;user name&gt;\npassword=&lt;password&gt;\nsql=&lt;query&gt;</params>
          <trapper_hosts></trapper_hosts>
          <snmp_community>public</snmp_community>
          <snmp_oid>interfaces.ifTable.ifEntry.ifInOctets.1</snmp_oid>
          <snmp_port>161</snmp_port>
          <snmpv3_securityname></snmpv3_securityname>
          <snmpv3_securitylevel>0</snmpv3_securitylevel>
          <snmpv3_authpassphrase></snmpv3_authpassphrase>
          <snmpv3_privpassphrase></snmpv3_privpassphrase>
          <applications>
            <application>Nginx</application>
          </applications>
        </item>
        <item type="7" key="nginx.connections.active" value_type="3">
          <description>Nginx active connections</description>
          <ipmi_sensor></ipmi_sensor>
          <delay>90</delay>
          <history>60</history>
          <trends>365</trends>
          <status>0</status>
          <data_type>0</data_type>
          <units></units>
          <multiplier>0</multiplier>
          <delta>0</delta>
          <formula>1</formula>
          <lastlogsize>0</lastlogsize>
          <logtimefmt></logtimefmt>
          <delay_flex></delay_flex>
          <authtype>0</authtype>
          <username></username>
          <password></password>
          <publickey></publickey>
          <privatekey></privatekey>
          <params>DSN=&lt;database source name&gt;\nuser=&lt;user name&gt;\npassword=&lt;password&gt;\nsql=&lt;query&gt;</params>
          <trapper_hosts></trapper_hosts>
          <snmp_community>public</snmp_community>
          <snmp_oid>interfaces.ifTable.ifEntry.ifInOctets.1</snmp_oid>
          <snmp_port>161</snmp_port>
          <snmpv3_securityname></snmpv3_securityname>
          <snmpv3_securitylevel>0</snmpv3_securitylevel>
          <snmpv3_authpassphrase></snmpv3_authpassphrase>
          <snmpv3_privpassphrase></snmpv3_privpassphrase>
          <applications>
            <application>Nginx</application>
          </applications>
        </item>
        <item type="7" key="nginx.connections.reading" value_type="3">
          <description>Nginx: number of connections in reading state</description>
          <ipmi_sensor></ipmi_sensor>
          <delay>90</delay>
          <history>60</history>
          <trends>365</trends>
          <status>0</status>
          <data_type>0</data_type>
          <units></units>
          <multiplier>0</multiplier>
          <delta>0</delta>
          <formula>1</formula>
          <lastlogsize>0</lastlogsize>
          <logtimefmt></logtimefmt>
          <delay_flex></delay_flex>
          <authtype>0</authtype>
          <username></username>
          <password></password>
          <publickey></publickey>
          <privatekey></privatekey>
          <params>DSN=&lt;database source name&gt;\nuser=&lt;user name&gt;\npassword=&lt;password&gt;\nsql=&lt;query&gt;</params>
          <trapper_hosts></trapper_hosts>
          <snmp_community>public</snmp_community>
          <snmp_oid>interfaces.ifTable.ifEntry.ifInOctets.1</snmp_oid>
          <snmp_port>161</snmp_port>
          <snmpv3_securityname></snmpv3_securityname>
          <snmpv3_securitylevel>0</snmpv3_securitylevel>
          <snmpv3_authpassphrase></snmpv3_authpassphrase>
          <snmpv3_privpassphrase></snmpv3_privpassphrase>
          <applications>
            <application>Nginx</application>
          </applications>
        </item>
        <item type="7" key="nginx.connections.waiting" value_type="3">
          <description>Nginx: number of connections in waiting state</description>
          <ipmi_sensor></ipmi_sensor>
          <delay>90</delay>
          <history>60</history>
          <trends>365</trends>
          <status>0</status>
          <data_type>0</data_type>
          <units></units>
          <multiplier>0</multiplier>
          <delta>0</delta>
          <formula>1</formula>
          <lastlogsize>0</lastlogsize>
          <logtimefmt></logtimefmt>
          <delay_flex></delay_flex>
          <authtype>0</authtype>
          <username></username>
          <password></password>
          <publickey></publickey>
          <privatekey></privatekey>
          <params>DSN=&lt;database source name&gt;\nuser=&lt;user name&gt;\npassword=&lt;password&gt;\nsql=&lt;query&gt;</params>
          <trapper_hosts></trapper_hosts>
          <snmp_community>public</snmp_community>
          <snmp_oid>interfaces.ifTable.ifEntry.ifInOctets.1</snmp_oid>
          <snmp_port>161</snmp_port>
          <snmpv3_securityname></snmpv3_securityname>
          <snmpv3_securitylevel>0</snmpv3_securitylevel>
          <snmpv3_authpassphrase></snmpv3_authpassphrase>
          <snmpv3_privpassphrase></snmpv3_privpassphrase>
          <applications>
            <application>Nginx</application>
          </applications>
        </item>
        <item type="7" key="nginx.connections.writing" value_type="3">
          <description>Nginx: number of connections in writing state</description>
          <ipmi_sensor></ipmi_sensor>
          <delay>90</delay>
          <history>60</history>
          <trends>365</trends>
          <status>0</status>
          <data_type>0</data_type>
          <units></units>
          <multiplier>0</multiplier>
          <delta>0</delta>
          <formula>1</formula>
          <lastlogsize>0</lastlogsize>
          <logtimefmt></logtimefmt>
          <delay_flex></delay_flex>
          <authtype>0</authtype>
          <username></username>
          <password></password>
          <publickey></publickey>
          <privatekey></privatekey>
          <params>DSN=&lt;database source name&gt;\nuser=&lt;user name&gt;\npassword=&lt;password&gt;\nsql=&lt;query&gt;</params>
          <trapper_hosts></trapper_hosts>
          <snmp_community>public</snmp_community>
          <snmp_oid>interfaces.ifTable.ifEntry.ifInOctets.1</snmp_oid>
          <snmp_port>161</snmp_port>
          <snmpv3_securityname></snmpv3_securityname>
          <snmpv3_securitylevel>0</snmpv3_securitylevel>
          <snmpv3_authpassphrase></snmpv3_authpassphrase>
          <snmpv3_privpassphrase></snmpv3_privpassphrase>
          <applications>
            <application>Nginx</application>
          </applications>
        </item>
        <item type="7" key="nginx.handled" value_type="0">
          <description>Nginx: handled per second</description>
          <ipmi_sensor></ipmi_sensor>
          <delay>90</delay>
          <history>60</history>
          <trends>365</trends>
          <status>0</status>
          <data_type>0</data_type>
          <units></units>
          <multiplier>1</multiplier>
          <delta>1</delta>
          <formula>1</formula>
          <lastlogsize>0</lastlogsize>
          <logtimefmt></logtimefmt>
          <delay_flex></delay_flex>
          <authtype>0</authtype>
          <username></username>
          <password></password>
          <publickey></publickey>
          <privatekey></privatekey>
          <params>DSN=&lt;database source name&gt;\nuser=&lt;user name&gt;\npassword=&lt;password&gt;\nsql=&lt;query&gt;</params>
          <trapper_hosts></trapper_hosts>
          <snmp_community>public</snmp_community>
          <snmp_oid>interfaces.ifTable.ifEntry.ifInOctets.1</snmp_oid>
          <snmp_port>161</snmp_port>
          <snmpv3_securityname></snmpv3_securityname>
          <snmpv3_securitylevel>0</snmpv3_securitylevel>
          <snmpv3_authpassphrase></snmpv3_authpassphrase>
          <snmpv3_privpassphrase></snmpv3_privpassphrase>
          <applications>
            <application>Nginx</application>
          </applications>
        </item>
        <item type="7" key="nginx.requests" value_type="0">
          <description>Nginx: requests per second</description>
          <ipmi_sensor></ipmi_sensor>
          <delay>90</delay>
          <history>60</history>
          <trends>365</trends>
          <status>0</status>
          <data_type>0</data_type>
          <units></units>
          <multiplier>1</multiplier>
          <delta>1</delta>
          <formula>1</formula>
          <lastlogsize>0</lastlogsize>
          <logtimefmt></logtimefmt>
          <delay_flex></delay_flex>
          <authtype>0</authtype>
          <username></username>
          <password></password>
          <publickey></publickey>
          <privatekey></privatekey>
          <params>DSN=&lt;database source name&gt;\nuser=&lt;user name&gt;\npassword=&lt;password&gt;\nsql=&lt;query&gt;</params>
          <trapper_hosts></trapper_hosts>
          <snmp_community>public</snmp_community>
          <snmp_oid>interfaces.ifTable.ifEntry.ifInOctets.1</snmp_oid>
          <snmp_port>161</snmp_port>
          <snmpv3_securityname></snmpv3_securityname>
          <snmpv3_securitylevel>0</snmpv3_securitylevel>
          <snmpv3_authpassphrase></snmpv3_authpassphrase>
          <snmpv3_privpassphrase></snmpv3_privpassphrase>
          <applications>
            <application>Nginx</application>
          </applications>
        </item>
        <item type="7" key="proc.num[nginx]" value_type="3">
          <description>Number of nginx running</description>
          <ipmi_sensor></ipmi_sensor>
          <delay>90</delay>
          <history>60</history>
          <trends>365</trends>
          <status>0</status>
          <data_type>0</data_type>
          <units></units>
          <multiplier>0</multiplier>
          <delta>0</delta>
          <formula>1</formula>
          <lastlogsize>0</lastlogsize>
          <logtimefmt></logtimefmt>
          <delay_flex></delay_flex>
          <authtype>0</authtype>
          <username></username>
          <password></password>
          <publickey></publickey>
          <privatekey></privatekey>
          <params>DSN=&lt;database source name&gt;\nuser=&lt;user name&gt;\npassword=&lt;password&gt;\nsql=&lt;query&gt;</params>
          <trapper_hosts></trapper_hosts>
          <snmp_community>public</snmp_community>
          <snmp_oid>interfaces.ifTable.ifEntry.ifInOctets.1</snmp_oid>
          <snmp_port>161</snmp_port>
          <snmpv3_securityname></snmpv3_securityname>
          <snmpv3_securitylevel>0</snmpv3_securitylevel>
          <snmpv3_authpassphrase></snmpv3_authpassphrase>
          <snmpv3_privpassphrase></snmpv3_privpassphrase>
          <applications>
            <application>Nginx</application>
          </applications>
        </item>
      </items>
      <templates/>
      <graphs>
        <graph name="Nginx workload" width="900" height="200">
          <ymin_type>0</ymin_type>
          <ymax_type>0</ymax_type>
          <ymin_item_key></ymin_item_key>
          <ymax_item_key></ymax_item_key>
          <show_work_period>1</show_work_period>
          <show_triggers>1</show_triggers>
          <graphtype>0</graphtype>
          <yaxismin>0.0000</yaxismin>
          <yaxismax>100.0000</yaxismax>
          <show_legend>0</show_legend>
          <show_3d>0</show_3d>
          <percent_left>0.0000</percent_left>
          <percent_right>0.0000</percent_right>
          <graph_elements>
            <graph_element item="Tpl_Tribily_App_Nginx_Extended_v1.0:nginx.requests">
              <drawtype>0</drawtype>
              <sortorder>0</sortorder>
              <color>FF0000</color>
              <yaxisside>0</yaxisside>
              <calc_fnc>2</calc_fnc>
              <type>0</type>
              <periods_cnt>5</periods_cnt>
            </graph_element>
            <graph_element item="Tpl_Tribily_App_Nginx_Extended_v1.0:nginx.accepts">
              <drawtype>0</drawtype>
              <sortorder>0</sortorder>
              <color>009900</color>
              <yaxisside>0</yaxisside>
              <calc_fnc>2</calc_fnc>
              <type>0</type>
              <periods_cnt>5</periods_cnt>
            </graph_element>
            <graph_element item="Tpl_Tribily_App_Nginx_Extended_v1.0:nginx.handled">
              <drawtype>0</drawtype>
              <sortorder>0</sortorder>
              <color>3333FF</color>
              <yaxisside>0</yaxisside>
              <calc_fnc>2</calc_fnc>
              <type>0</type>
              <periods_cnt>5</periods_cnt>
            </graph_element>
          </graph_elements>
        </graph>
        <graph name="Nginx status" width="900" height="200">
          <ymin_type>0</ymin_type>
          <ymax_type>0</ymax_type>
          <ymin_item_key></ymin_item_key>
          <ymax_item_key></ymax_item_key>
          <show_work_period>0</show_work_period>
          <show_triggers>0</show_triggers>
          <graphtype>0</graphtype>
          <yaxismin>0.0000</yaxismin>
          <yaxismax>100.0000</yaxismax>
          <show_legend>0</show_legend>
          <show_3d>0</show_3d>
          <percent_left>0.0000</percent_left>
          <percent_right>0.0000</percent_right>
          <graph_elements>
            <graph_element item="Tpl_Tribily_App_Nginx_Extended_v1.0:nginx.connections.writing">
              <drawtype>0</drawtype>
              <sortorder>0</sortorder>
              <color>FF3333</color>
              <yaxisside>0</yaxisside>
              <calc_fnc>2</calc_fnc>
              <type>0</type>
              <periods_cnt>5</periods_cnt>
            </graph_element>
            <graph_element item="Tpl_Tribily_App_Nginx_Extended_v1.0:nginx.connections.reading">
              <drawtype>0</drawtype>
              <sortorder>0</sortorder>
              <color>0000FF</color>
              <yaxisside>0</yaxisside>
              <calc_fnc>2</calc_fnc>
              <type>0</type>
              <periods_cnt>5</periods_cnt>
            </graph_element>
            <graph_element item="Tpl_Tribily_App_Nginx_Extended_v1.0:nginx.connections.active">
              <drawtype>2</drawtype>
              <sortorder>0</sortorder>
              <color>009900</color>
              <yaxisside>0</yaxisside>
              <calc_fnc>2</calc_fnc>
              <type>0</type>
              <periods_cnt>5</periods_cnt>
            </graph_element>
            <graph_element item="Tpl_Tribily_App_Nginx_Extended_v1.0:nginx.connections.waiting">
              <drawtype>0</drawtype>
              <sortorder>0</sortorder>
              <color>FF33FF</color>
              <yaxisside>0</yaxisside>
              <calc_fnc>2</calc_fnc>
              <type>0</type>
              <periods_cnt>5</periods_cnt>
            </graph_element>
          </graph_elements>
        </graph>
      </graphs>
      <macros/>
    </host>
  </hosts>
  <dependencies/>
</zabbix_export>
