<?xml version="1.0" encoding="UTF-8"?>
<zabbix_export version="1.0" date="15.09.11" time="08.37">
  <hosts>
    <host name="Tpl_Tribily_OS_Windows_Active_v1.0">
      <proxy_hostid>0</proxy_hostid>
      <useip>1</useip>
      <dns></dns>
      <ip>127.0.0.1</ip>
      <port>10050</port>
      <status>3</status>
      <useipmi>0</useipmi>
      <ipmi_ip>127.0.0.1</ipmi_ip>
      <ipmi_port>623</ipmi_port>
      <ipmi_authtype>0</ipmi_authtype>
      <ipmi_privilege>2</ipmi_privilege>
      <ipmi_username></ipmi_username>
      <ipmi_password></ipmi_password>
      <groups>
        <group>Templates</group>
      </groups>
      <triggers>
        <trigger>
          <description>Version of zabbix_agent(d) was changed on {HOSTNAME}</description>
          <type>0</type>
          <expression>{Tpl_Tribily_OS_Windows_Active_v1.0:agent.version.diff(0)}&gt;0</expression>
          <url></url>
          <status>0</status>
          <priority>1</priority>
          <comments></comments>
        </trigger>
        <trigger>
          <description>Too many processes on {HOSTNAME}</description>
          <type>0</type>
          <expression>{Tpl_Tribily_OS_Windows_Active_v1.0:proc.num[].count(300)}&gt;100</expression>
          <url></url>
          <status>0</status>
          <priority>3</priority>
          <comments></comments>
        </trigger>
        <trigger>
          <description>Server {HOSTNAME} is unreachable</description>
          <type>0</type>
          <expression>{Tpl_Tribily_OS_Windows_Active_v1.0:status.last(0)}=2</expression>
          <url></url>
          <status>1</status>
          <priority>3</priority>
          <comments></comments>
        </trigger>
        <trigger>
          <description>Processor load is too high on {HOSTNAME}</description>
          <type>0</type>
          <expression>{Tpl_Tribily_OS_Windows_Active_v1.0:system.cpu.load[,avg1].last(1800)}&gt;{$MAX_CPULOAD}</expression>
          <url></url>
          <status>0</status>
          <priority>4</priority>
          <comments></comments>
        </trigger>
        <trigger>
          <description>Processor load is too high on {HOSTNAME}</description>
          <type>0</type>
          <expression>{Tpl_Tribily_OS_Windows_Active_v1.0:system.cpu.load[,avg1].last(600)}&gt;{$MAX_CPULOAD}</expression>
          <url></url>
          <status>0</status>
          <priority>2</priority>
          <comments></comments>
        </trigger>
        <trigger>
          <description>No New data received from {HOSTNAME} in last 10 minutes</description>
          <type>0</type>
          <expression>{Tpl_Tribily_OS_Windows_Active_v1.0:system.cpu.load[,avg1].nodata(600)}=1</expression>
          <url></url>
          <status>0</status>
          <priority>4</priority>
          <comments></comments>
        </trigger>
        <trigger>
          <description>Lack of free swap space on {HOSTNAME}</description>
          <type>0</type>
          <expression>{Tpl_Tribily_OS_Windows_Active_v1.0:system.swap.size[,free].avg(300)}&lt;100M</expression>
          <url></url>
          <status>0</status>
          <priority>3</priority>
          <comments></comments>
        </trigger>
        <trigger>
          <description>Host information was changed on {HOSTNAME}</description>
          <type>0</type>
          <expression>{Tpl_Tribily_OS_Windows_Active_v1.0:system.uname.diff(0)}&gt;0</expression>
          <url></url>
          <status>0</status>
          <priority>3</priority>
          <comments></comments>
        </trigger>
        <trigger>
          <description>{HOSTNAME} has just been restarted</description>
          <type>0</type>
          <expression>{Tpl_Tribily_OS_Windows_Active_v1.0:system.uptime.last(0)}&lt;600</expression>
          <url></url>
          <status>0</status>
          <priority>3</priority>
          <comments></comments>
        </trigger>
        <trigger>
          <description>Low free disk space on {HOSTNAME} volume c:</description>
          <type>0</type>
          <expression>{Tpl_Tribily_OS_Windows_Active_v1.0:vfs.fs.size[c:,pfree].last(0)}&lt;10</expression>
          <url></url>
          <status>0</status>
          <priority>3</priority>
          <comments></comments>
        </trigger>
        <trigger>
          <description>Lack of free memory on server {HOSTNAME}</description>
          <type>0</type>
          <expression>{Tpl_Tribily_OS_Windows_Active_v1.0:vm.memory.size[pfree].last(0)}&lt;10</expression>
          <url></url>
          <status>0</status>
          <priority>3</priority>
          <comments></comments>
        </trigger>
      </triggers>
      <items>
        <item type="7" key="agent.version" value_type="1">
          <description>Version of zabbix_agent(d) running</description>
          <ipmi_sensor></ipmi_sensor>
          <delay>1800</delay>
          <history>60</history>
          <trends>365</trends>
          <status>0</status>
          <data_type>0</data_type>
          <units></units>
          <multiplier>0</multiplier>
          <delta>0</delta>
          <formula>0</formula>
          <lastlogsize>0</lastlogsize>
          <logtimefmt></logtimefmt>
          <delay_flex></delay_flex>
          <authtype>0</authtype>
          <username></username>
          <password></password>
          <publickey></publickey>
          <privatekey></privatekey>
          <params></params>
          <trapper_hosts></trapper_hosts>
          <snmp_community></snmp_community>
          <snmp_oid></snmp_oid>
          <snmp_port>161</snmp_port>
          <snmpv3_securityname></snmpv3_securityname>
          <snmpv3_securitylevel>0</snmpv3_securitylevel>
          <snmpv3_authpassphrase></snmpv3_authpassphrase>
          <snmpv3_privpassphrase></snmpv3_privpassphrase>
          <applications>
            <application>General</application>
          </applications>
        </item>
        <item type="7" key="perf_counter[\PhysicalDisk(_Total)\Avg. Disk Read Queue Length]" value_type="0">
          <description>Average disk read queue length</description>
          <ipmi_sensor></ipmi_sensor>
          <delay>30</delay>
          <history>60</history>
          <trends>365</trends>
          <status>0</status>
          <data_type>0</data_type>
          <units></units>
          <multiplier>0</multiplier>
          <delta>0</delta>
          <formula>1</formula>
          <lastlogsize>0</lastlogsize>
          <logtimefmt></logtimefmt>
          <delay_flex></delay_flex>
          <authtype>0</authtype>
          <username></username>
          <password></password>
          <publickey></publickey>
          <privatekey></privatekey>
          <params></params>
          <trapper_hosts></trapper_hosts>
          <snmp_community></snmp_community>
          <snmp_oid></snmp_oid>
          <snmp_port>161</snmp_port>
          <snmpv3_securityname></snmpv3_securityname>
          <snmpv3_securitylevel>0</snmpv3_securitylevel>
          <snmpv3_authpassphrase></snmpv3_authpassphrase>
          <snmpv3_privpassphrase></snmpv3_privpassphrase>
          <applications>
            <application>Performance</application>
          </applications>
        </item>
        <item type="7" key="perf_counter[\PhysicalDisk(_Total)\Avg. Disk Write Queue Length]" value_type="0">
          <description>Average disk write queue length</description>
          <ipmi_sensor></ipmi_sensor>
          <delay>30</delay>
          <history>60</history>
          <trends>365</trends>
          <status>0</status>
          <data_type>0</data_type>
          <units></units>
          <multiplier>0</multiplier>
          <delta>0</delta>
          <formula>1</formula>
          <lastlogsize>0</lastlogsize>
          <logtimefmt></logtimefmt>
          <delay_flex></delay_flex>
          <authtype>0</authtype>
          <username></username>
          <password></password>
          <publickey></publickey>
          <privatekey></privatekey>
          <params></params>
          <trapper_hosts></trapper_hosts>
          <snmp_community></snmp_community>
          <snmp_oid></snmp_oid>
          <snmp_port>161</snmp_port>
          <snmpv3_securityname></snmpv3_securityname>
          <snmpv3_securitylevel>0</snmpv3_securitylevel>
          <snmpv3_authpassphrase></snmpv3_authpassphrase>
          <snmpv3_privpassphrase></snmpv3_privpassphrase>
          <applications>
            <application>Performance</application>
          </applications>
        </item>
        <item type="7" key="perf_counter[\System\File Read Bytes/sec]" value_type="0">
          <description>File read bytes per second</description>
          <ipmi_sensor></ipmi_sensor>
          <delay>30</delay>
          <history>60</history>
          <trends>365</trends>
          <status>0</status>
          <data_type>0</data_type>
          <units>Bps</units>
          <multiplier>0</multiplier>
          <delta>0</delta>
          <formula>1</formula>
          <lastlogsize>0</lastlogsize>
          <logtimefmt></logtimefmt>
          <delay_flex></delay_flex>
          <authtype>0</authtype>
          <username></username>
          <password></password>
          <publickey></publickey>
          <privatekey></privatekey>
          <params></params>
          <trapper_hosts></trapper_hosts>
          <snmp_community></snmp_community>
          <snmp_oid></snmp_oid>
          <snmp_port>161</snmp_port>
          <snmpv3_securityname></snmpv3_securityname>
          <snmpv3_securitylevel>0</snmpv3_securitylevel>
          <snmpv3_authpassphrase></snmpv3_authpassphrase>
          <snmpv3_privpassphrase></snmpv3_privpassphrase>
          <applications>
            <application>Performance</application>
          </applications>
        </item>
        <item type="7" key="perf_counter[\System\File Write Bytes/sec]" value_type="0">
          <description>File write bytes per second</description>
          <ipmi_sensor></ipmi_sensor>
          <delay>30</delay>
          <history>60</history>
          <trends>365</trends>
          <status>0</status>
          <data_type>0</data_type>
          <units>Bps</units>
          <multiplier>0</multiplier>
          <delta>0</delta>
          <formula>1</formula>
          <lastlogsize>0</lastlogsize>
          <logtimefmt></logtimefmt>
          <delay_flex></delay_flex>
          <authtype>0</authtype>
          <username></username>
          <password></password>
          <publickey></publickey>
          <privatekey></privatekey>
          <params></params>
          <trapper_hosts></trapper_hosts>
          <snmp_community></snmp_community>
          <snmp_oid></snmp_oid>
          <snmp_port>161</snmp_port>
          <snmpv3_securityname></snmpv3_securityname>
          <snmpv3_securitylevel>0</snmpv3_securitylevel>
          <snmpv3_authpassphrase></snmpv3_authpassphrase>
          <snmpv3_privpassphrase></snmpv3_privpassphrase>
          <applications>
            <application>OS</application>
          </applications>
        </item>
        <item type="7" key="perf_counter[\System\threads]" value_type="3">
          <description>Number of threads</description>
          <ipmi_sensor></ipmi_sensor>
          <delay>30</delay>
          <history>60</history>
          <trends>365</trends>
          <status>0</status>
          <data_type>0</data_type>
          <units></units>
          <multiplier>0</multiplier>
          <delta>0</delta>
          <formula>1</formula>
          <lastlogsize>0</lastlogsize>
          <logtimefmt></logtimefmt>
          <delay_flex></delay_flex>
          <authtype>0</authtype>
          <username></username>
          <password></password>
          <publickey></publickey>
          <privatekey></privatekey>
          <params></params>
          <trapper_hosts></trapper_hosts>
          <snmp_community></snmp_community>
          <snmp_oid></snmp_oid>
          <snmp_port>161</snmp_port>
          <snmpv3_securityname></snmpv3_securityname>
          <snmpv3_securitylevel>0</snmpv3_securitylevel>
          <snmpv3_authpassphrase></snmpv3_authpassphrase>
          <snmpv3_privpassphrase></snmpv3_privpassphrase>
          <applications>
            <application>OS</application>
          </applications>
        </item>
        <item type="7" key="proc.num[]" value_type="3">
          <description>Number of processes</description>
          <ipmi_sensor></ipmi_sensor>
          <delay>30</delay>
          <history>60</history>
          <trends>365</trends>
          <status>0</status>
          <data_type>0</data_type>
          <units></units>
          <multiplier>0</multiplier>
          <delta>0</delta>
          <formula>0</formula>
          <lastlogsize>0</lastlogsize>
          <logtimefmt></logtimefmt>
          <delay_flex></delay_flex>
          <authtype>0</authtype>
          <username></username>
          <password></password>
          <publickey></publickey>
          <privatekey></privatekey>
          <params></params>
          <trapper_hosts></trapper_hosts>
          <snmp_community></snmp_community>
          <snmp_oid></snmp_oid>
          <snmp_port>161</snmp_port>
          <snmpv3_securityname></snmpv3_securityname>
          <snmpv3_securitylevel>0</snmpv3_securitylevel>
          <snmpv3_authpassphrase></snmpv3_authpassphrase>
          <snmpv3_privpassphrase></snmpv3_privpassphrase>
          <applications>
            <application>Processes</application>
          </applications>
        </item>
        <item type="7" key="status" value_type="3">
          <description>Host status</description>
          <ipmi_sensor></ipmi_sensor>
          <delay>60</delay>
          <history>60</history>
          <trends>365</trends>
          <status>1</status>
          <data_type>0</data_type>
          <units></units>
          <multiplier>0</multiplier>
          <delta>0</delta>
          <formula>0</formula>
          <lastlogsize>0</lastlogsize>
          <logtimefmt></logtimefmt>
          <delay_flex></delay_flex>
          <authtype>0</authtype>
          <username></username>
          <password></password>
          <publickey></publickey>
          <privatekey></privatekey>
          <params></params>
          <trapper_hosts></trapper_hosts>
          <snmp_community></snmp_community>
          <snmp_oid></snmp_oid>
          <snmp_port>161</snmp_port>
          <snmpv3_securityname></snmpv3_securityname>
          <snmpv3_securitylevel>0</snmpv3_securitylevel>
          <snmpv3_authpassphrase></snmpv3_authpassphrase>
          <snmpv3_privpassphrase></snmpv3_privpassphrase>
          <applications>
            <application>General</application>
          </applications>
        </item>
        <item type="7" key="system.cpu.load[,avg1]" value_type="0">
          <description>Processor load</description>
          <ipmi_sensor></ipmi_sensor>
          <delay>60</delay>
          <history>60</history>
          <trends>365</trends>
          <status>0</status>
          <data_type>0</data_type>
          <units></units>
          <multiplier>0</multiplier>
          <delta>0</delta>
          <formula>0</formula>
          <lastlogsize>0</lastlogsize>
          <logtimefmt></logtimefmt>
          <delay_flex></delay_flex>
          <authtype>0</authtype>
          <username></username>
          <password></password>
          <publickey></publickey>
          <privatekey></privatekey>
          <params></params>
          <trapper_hosts></trapper_hosts>
          <snmp_community></snmp_community>
          <snmp_oid></snmp_oid>
          <snmp_port>161</snmp_port>
          <snmpv3_securityname></snmpv3_securityname>
          <snmpv3_securitylevel>0</snmpv3_securitylevel>
          <snmpv3_authpassphrase></snmpv3_authpassphrase>
          <snmpv3_privpassphrase></snmpv3_privpassphrase>
          <applications>
            <application>Performance</application>
            <application>CPU</application>
          </applications>
        </item>
        <item type="7" key="system.swap.size[,free]" value_type="3">
          <description>Free swap space</description>
          <ipmi_sensor></ipmi_sensor>
          <delay>30</delay>
          <history>60</history>
          <trends>365</trends>
          <status>0</status>
          <data_type>0</data_type>
          <units>B</units>
          <multiplier>0</multiplier>
          <delta>0</delta>
          <formula>0</formula>
          <lastlogsize>0</lastlogsize>
          <logtimefmt></logtimefmt>
          <delay_flex></delay_flex>
          <authtype>0</authtype>
          <username></username>
          <password></password>
          <publickey></publickey>
          <privatekey></privatekey>
          <params></params>
          <trapper_hosts></trapper_hosts>
          <snmp_community></snmp_community>
          <snmp_oid></snmp_oid>
          <snmp_port>161</snmp_port>
          <snmpv3_securityname></snmpv3_securityname>
          <snmpv3_securitylevel>0</snmpv3_securitylevel>
          <snmpv3_authpassphrase></snmpv3_authpassphrase>
          <snmpv3_privpassphrase></snmpv3_privpassphrase>
          <applications>
            <application>Filesystem</application>
          </applications>
        </item>
        <item type="7" key="system.uname" value_type="1">
          <description>Host information</description>
          <ipmi_sensor></ipmi_sensor>
          <delay>1800</delay>
          <history>60</history>
          <trends>365</trends>
          <status>0</status>
          <data_type>0</data_type>
          <units></units>
          <multiplier>0</multiplier>
          <delta>0</delta>
          <formula>0</formula>
          <lastlogsize>0</lastlogsize>
          <logtimefmt></logtimefmt>
          <delay_flex></delay_flex>
          <authtype>0</authtype>
          <username></username>
          <password></password>
          <publickey></publickey>
          <privatekey></privatekey>
          <params></params>
          <trapper_hosts></trapper_hosts>
          <snmp_community></snmp_community>
          <snmp_oid></snmp_oid>
          <snmp_port>161</snmp_port>
          <snmpv3_securityname></snmpv3_securityname>
          <snmpv3_securitylevel>0</snmpv3_securitylevel>
          <snmpv3_authpassphrase></snmpv3_authpassphrase>
          <snmpv3_privpassphrase></snmpv3_privpassphrase>
          <applications>
            <application>General</application>
          </applications>
        </item>
        <item type="7" key="system.uptime" value_type="0">
          <description>Host uptime (in sec)</description>
          <ipmi_sensor></ipmi_sensor>
          <delay>300</delay>
          <history>60</history>
          <trends>365</trends>
          <status>0</status>
          <data_type>0</data_type>
          <units>uptime</units>
          <multiplier>0</multiplier>
          <delta>0</delta>
          <formula>0</formula>
          <lastlogsize>0</lastlogsize>
          <logtimefmt></logtimefmt>
          <delay_flex></delay_flex>
          <authtype>0</authtype>
          <username></username>
          <password></password>
          <publickey></publickey>
          <privatekey></privatekey>
          <params></params>
          <trapper_hosts></trapper_hosts>
          <snmp_community></snmp_community>
          <snmp_oid></snmp_oid>
          <snmp_port>161</snmp_port>
          <snmpv3_securityname></snmpv3_securityname>
          <snmpv3_securitylevel>0</snmpv3_securitylevel>
          <snmpv3_authpassphrase></snmpv3_authpassphrase>
          <snmpv3_privpassphrase></snmpv3_privpassphrase>
          <applications>
            <application>General</application>
          </applications>
        </item>
        <item type="7" key="vfs.fs.size[c:,free]" value_type="3">
          <description>Free disk space on $1</description>
          <ipmi_sensor></ipmi_sensor>
          <delay>30</delay>
          <history>60</history>
          <trends>365</trends>
          <status>0</status>
          <data_type>0</data_type>
          <units>B</units>
          <multiplier>1</multiplier>
          <delta>0</delta>
          <formula>1</formula>
          <lastlogsize>0</lastlogsize>
          <logtimefmt></logtimefmt>
          <delay_flex></delay_flex>
          <authtype>0</authtype>
          <username></username>
          <password></password>
          <publickey></publickey>
          <privatekey></privatekey>
          <params></params>
          <trapper_hosts></trapper_hosts>
          <snmp_community></snmp_community>
          <snmp_oid></snmp_oid>
          <snmp_port>161</snmp_port>
          <snmpv3_securityname></snmpv3_securityname>
          <snmpv3_securitylevel>0</snmpv3_securitylevel>
          <snmpv3_authpassphrase></snmpv3_authpassphrase>
          <snmpv3_privpassphrase></snmpv3_privpassphrase>
          <applications>
            <application>Availability</application>
          </applications>
        </item>
        <item type="7" key="vfs.fs.size[c:,pfree]" value_type="0">
          <description>Free disk space on $1 in %</description>
          <ipmi_sensor></ipmi_sensor>
          <delay>30</delay>
          <history>60</history>
          <trends>365</trends>
          <status>0</status>
          <data_type>0</data_type>
          <units>%</units>
          <multiplier>0</multiplier>
          <delta>0</delta>
          <formula>1</formula>
          <lastlogsize>0</lastlogsize>
          <logtimefmt></logtimefmt>
          <delay_flex></delay_flex>
          <authtype>0</authtype>
          <username></username>
          <password></password>
          <publickey></publickey>
          <privatekey></privatekey>
          <params></params>
          <trapper_hosts></trapper_hosts>
          <snmp_community></snmp_community>
          <snmp_oid></snmp_oid>
          <snmp_port>161</snmp_port>
          <snmpv3_securityname></snmpv3_securityname>
          <snmpv3_securitylevel>0</snmpv3_securitylevel>
          <snmpv3_authpassphrase></snmpv3_authpassphrase>
          <snmpv3_privpassphrase></snmpv3_privpassphrase>
          <applications>
            <application>Availability</application>
          </applications>
        </item>
        <item type="7" key="vm.memory.size[free]" value_type="3">
          <description>Free memory</description>
          <ipmi_sensor></ipmi_sensor>
          <delay>30</delay>
          <history>60</history>
          <trends>365</trends>
          <status>0</status>
          <data_type>0</data_type>
          <units>B</units>
          <multiplier>0</multiplier>
          <delta>0</delta>
          <formula>0</formula>
          <lastlogsize>0</lastlogsize>
          <logtimefmt></logtimefmt>
          <delay_flex></delay_flex>
          <authtype>0</authtype>
          <username></username>
          <password></password>
          <publickey></publickey>
          <privatekey></privatekey>
          <params></params>
          <trapper_hosts></trapper_hosts>
          <snmp_community></snmp_community>
          <snmp_oid></snmp_oid>
          <snmp_port>161</snmp_port>
          <snmpv3_securityname></snmpv3_securityname>
          <snmpv3_securitylevel>0</snmpv3_securitylevel>
          <snmpv3_authpassphrase></snmpv3_authpassphrase>
          <snmpv3_privpassphrase></snmpv3_privpassphrase>
          <applications>
            <application>Availability</application>
          </applications>
        </item>
        <item type="7" key="vm.memory.size[pfree]" value_type="0">
          <description>Free memory in %</description>
          <ipmi_sensor></ipmi_sensor>
          <delay>30</delay>
          <history>60</history>
          <trends>365</trends>
          <status>0</status>
          <data_type>0</data_type>
          <units>%</units>
          <multiplier>0</multiplier>
          <delta>0</delta>
          <formula>0</formula>
          <lastlogsize>0</lastlogsize>
          <logtimefmt></logtimefmt>
          <delay_flex></delay_flex>
          <authtype>0</authtype>
          <username></username>
          <password></password>
          <publickey></publickey>
          <privatekey></privatekey>
          <params></params>
          <trapper_hosts></trapper_hosts>
          <snmp_community></snmp_community>
          <snmp_oid></snmp_oid>
          <snmp_port>161</snmp_port>
          <snmpv3_securityname></snmpv3_securityname>
          <snmpv3_securitylevel>0</snmpv3_securitylevel>
          <snmpv3_authpassphrase></snmpv3_authpassphrase>
          <snmpv3_privpassphrase></snmpv3_privpassphrase>
          <applications>
            <application>Memory</application>
          </applications>
        </item>
      </items>
      <templates/>
      <graphs>
        <graph name="CPU vs Mem" width="900" height="200">
          <ymin_type>1</ymin_type>
          <ymax_type>0</ymax_type>
          <ymin_item_key></ymin_item_key>
          <ymax_item_key></ymax_item_key>
          <show_work_period>0</show_work_period>
          <show_triggers>1</show_triggers>
          <graphtype>0</graphtype>
          <yaxismin>0.0000</yaxismin>
          <yaxismax>100.0000</yaxismax>
          <show_legend>0</show_legend>
          <show_3d>0</show_3d>
          <percent_left>0.0000</percent_left>
          <percent_right>0.0000</percent_right>
          <graph_elements>
            <graph_element item="Tpl_Tribily_OS_Windows_Active_v1.0:system.cpu.load[,avg1]">
              <drawtype>2</drawtype>
              <sortorder>0</sortorder>
              <color>009900</color>
              <yaxisside>1</yaxisside>
              <calc_fnc>2</calc_fnc>
              <type>0</type>
              <periods_cnt>5</periods_cnt>
            </graph_element>
            <graph_element item="Tpl_Tribily_OS_Windows_Active_v1.0:vm.memory.size[free]">
              <drawtype>2</drawtype>
              <sortorder>1</sortorder>
              <color>0000DD</color>
              <yaxisside>0</yaxisside>
              <calc_fnc>2</calc_fnc>
              <type>0</type>
              <periods_cnt>5</periods_cnt>
            </graph_element>
            <graph_element item="Tpl_Tribily_OS_Windows_Active_v1.0:system.swap.size[,free]">
              <drawtype>2</drawtype>
              <sortorder>2</sortorder>
              <color>DD00DD</color>
              <yaxisside>0</yaxisside>
              <calc_fnc>2</calc_fnc>
              <type>0</type>
              <periods_cnt>5</periods_cnt>
            </graph_element>
          </graph_elements>
        </graph>
        <graph name="Disk Utilization" width="900" height="200">
          <ymin_type>0</ymin_type>
          <ymax_type>0</ymax_type>
          <ymin_item_key></ymin_item_key>
          <ymax_item_key></ymax_item_key>
          <show_work_period>0</show_work_period>
          <show_triggers>1</show_triggers>
          <graphtype>0</graphtype>
          <yaxismin>0.0000</yaxismin>
          <yaxismax>100.0000</yaxismax>
          <show_legend>0</show_legend>
          <show_3d>0</show_3d>
          <percent_left>0.0000</percent_left>
          <percent_right>0.0000</percent_right>
          <graph_elements>
            <graph_element item="Tpl_Tribily_OS_Windows_Active_v1.0:vfs.fs.size[c:,free]">
              <drawtype>2</drawtype>
              <sortorder>0</sortorder>
              <color>009900</color>
              <yaxisside>0</yaxisside>
              <calc_fnc>2</calc_fnc>
              <type>0</type>
              <periods_cnt>5</periods_cnt>
            </graph_element>
          </graph_elements>
        </graph>
      </graphs>
      <macros>
        <macro>
          <value>7</value>
          <name>{$MAX_CPULOAD}</name>
        </macro>
      </macros>
    </host>
  </hosts>
  <dependencies/>
</zabbix_export>
