<?xml version="1.0" encoding="UTF-8"?>
<zabbix_export version="1.0" date="15.09.11" time="08.49">
  <hosts>
    <host name="Tpl_Tribily_App_TFTP_Active_v1.0">
      <proxy_hostid>0</proxy_hostid>
      <useip>1</useip>
      <dns></dns>
      <ip>127.0.0.1</ip>
      <port>10050</port>
      <status>3</status>
      <useipmi>0</useipmi>
      <ipmi_ip>127.0.0.1</ipmi_ip>
      <ipmi_port>623</ipmi_port>
      <ipmi_authtype>0</ipmi_authtype>
      <ipmi_privilege>2</ipmi_privilege>
      <ipmi_username></ipmi_username>
      <ipmi_password></ipmi_password>
      <groups>
        <group>Templates</group>
      </groups>
      <triggers>
        <trigger>
          <description>High memory utilization by TFTP processes on server {HOSTNAME}</description>
          <type>0</type>
          <expression>{Tpl_Tribily_App_TFTP_Active_v1.0:proc.mem[in.tftpd].last(180)}&gt;100M</expression>
          <url></url>
          <status>0</status>
          <priority>3</priority>
          <comments>The TFTP server is using more then 100M of memory, which indicates a high load.</comments>
        </trigger>
        <trigger>
          <description>TFTP or xinetd processes not running on server {HOSTNAME}</description>
          <type>0</type>
          <expression>{Tpl_Tribily_App_TFTP_Active_v1.0:proc.num[xinetd].last(0)}&lt;1</expression>
          <url></url>
          <status>0</status>
          <priority>4</priority>
          <comments>The number of processes named 'xinetd' that is running is currently 0. This might prevent the TFTP server from responding.</comments>
        </trigger>
        <trigger>
          <description>TFTP configuration has been changed on {HOSTNAME}</description>
          <type>0</type>
          <expression>{Tpl_Tribily_App_TFTP_Active_v1.0:vfs.file.cksum[/etc/xinetd.d/tftp].diff(0)}&gt;0</expression>
          <url></url>
          <status>0</status>
          <priority>1</priority>
          <comments>The contents of the file '/etc/xinetd.d/tftp' have been changed. This file contains the main part of the configuration of the TFTP server.</comments>
        </trigger>
        <trigger>
          <description>Low free disk space on {HOSTNAME} volume $1</description>
          <type>0</type>
          <expression>{Tpl_Tribily_App_TFTP_Active_v1.0:vfs.fs.size[{$TFTP_ROOT},free].last(0)}&lt;{$MIN_TFTP_DISK}</expression>
          <url></url>
          <status>0</status>
          <priority>4</priority>
          <comments>The disk that your TFTP root is pointed at has a low amount of space left. This might cause problems for users uploading files.</comments>
        </trigger>
      </triggers>
      <items>
        <item type="7" key="proc.mem[in.tftpd]" value_type="3">
          <description>Used memory of $1</description>
          <ipmi_sensor></ipmi_sensor>
          <delay>30</delay>
          <history>60</history>
          <trends>365</trends>
          <status>0</status>
          <data_type>0</data_type>
          <units>B</units>
          <multiplier>0</multiplier>
          <delta>0</delta>
          <formula>1</formula>
          <lastlogsize>0</lastlogsize>
          <logtimefmt></logtimefmt>
          <delay_flex></delay_flex>
          <authtype>0</authtype>
          <username></username>
          <password></password>
          <publickey></publickey>
          <privatekey></privatekey>
          <params></params>
          <trapper_hosts></trapper_hosts>
          <snmp_community></snmp_community>
          <snmp_oid></snmp_oid>
          <snmp_port>161</snmp_port>
          <snmpv3_securityname></snmpv3_securityname>
          <snmpv3_securitylevel>0</snmpv3_securitylevel>
          <snmpv3_authpassphrase></snmpv3_authpassphrase>
          <snmpv3_privpassphrase></snmpv3_privpassphrase>
          <applications>
            <application>TFTP</application>
          </applications>
        </item>
        <item type="7" key="proc.num[xinetd]" value_type="3">
          <description>Number of running processes $1</description>
          <ipmi_sensor></ipmi_sensor>
          <delay>30</delay>
          <history>60</history>
          <trends>365</trends>
          <status>0</status>
          <data_type>0</data_type>
          <units></units>
          <multiplier>0</multiplier>
          <delta>0</delta>
          <formula>1</formula>
          <lastlogsize>0</lastlogsize>
          <logtimefmt></logtimefmt>
          <delay_flex></delay_flex>
          <authtype>0</authtype>
          <username></username>
          <password></password>
          <publickey></publickey>
          <privatekey></privatekey>
          <params></params>
          <trapper_hosts></trapper_hosts>
          <snmp_community></snmp_community>
          <snmp_oid></snmp_oid>
          <snmp_port>161</snmp_port>
          <snmpv3_securityname></snmpv3_securityname>
          <snmpv3_securitylevel>0</snmpv3_securitylevel>
          <snmpv3_authpassphrase></snmpv3_authpassphrase>
          <snmpv3_privpassphrase></snmpv3_privpassphrase>
          <applications>
            <application>TFTP</application>
          </applications>
        </item>
        <item type="7" key="vfs.file.cksum[/etc/xinetd.d/tftp]" value_type="3">
          <description>Checksum of $1</description>
          <ipmi_sensor></ipmi_sensor>
          <delay>3600</delay>
          <history>60</history>
          <trends>365</trends>
          <status>0</status>
          <data_type>0</data_type>
          <units></units>
          <multiplier>0</multiplier>
          <delta>0</delta>
          <formula>1</formula>
          <lastlogsize>0</lastlogsize>
          <logtimefmt></logtimefmt>
          <delay_flex></delay_flex>
          <authtype>0</authtype>
          <username></username>
          <password></password>
          <publickey></publickey>
          <privatekey></privatekey>
          <params></params>
          <trapper_hosts></trapper_hosts>
          <snmp_community></snmp_community>
          <snmp_oid></snmp_oid>
          <snmp_port>161</snmp_port>
          <snmpv3_securityname></snmpv3_securityname>
          <snmpv3_securitylevel>0</snmpv3_securitylevel>
          <snmpv3_authpassphrase></snmpv3_authpassphrase>
          <snmpv3_privpassphrase></snmpv3_privpassphrase>
          <applications>
            <application>TFTP</application>
          </applications>
        </item>
        <item type="7" key="vfs.fs.size[{$TFTP_ROOT},free]" value_type="3">
          <description>Free disk space on $1</description>
          <ipmi_sensor></ipmi_sensor>
          <delay>600</delay>
          <history>60</history>
          <trends>365</trends>
          <status>0</status>
          <data_type>0</data_type>
          <units>B</units>
          <multiplier>0</multiplier>
          <delta>0</delta>
          <formula>1</formula>
          <lastlogsize>0</lastlogsize>
          <logtimefmt></logtimefmt>
          <delay_flex></delay_flex>
          <authtype>0</authtype>
          <username></username>
          <password></password>
          <publickey></publickey>
          <privatekey></privatekey>
          <params></params>
          <trapper_hosts></trapper_hosts>
          <snmp_community></snmp_community>
          <snmp_oid></snmp_oid>
          <snmp_port>161</snmp_port>
          <snmpv3_securityname></snmpv3_securityname>
          <snmpv3_securitylevel>0</snmpv3_securitylevel>
          <snmpv3_authpassphrase></snmpv3_authpassphrase>
          <snmpv3_privpassphrase></snmpv3_privpassphrase>
          <applications>
            <application>TFTP</application>
          </applications>
        </item>
      </items>
      <templates/>
      <graphs>
        <graph name="tftp_memory_vs_disk" width="900" height="200">
          <ymin_type>0</ymin_type>
          <ymax_type>0</ymax_type>
          <ymin_item_key></ymin_item_key>
          <ymax_item_key></ymax_item_key>
          <show_work_period>0</show_work_period>
          <show_triggers>0</show_triggers>
          <graphtype>0</graphtype>
          <yaxismin>0.0000</yaxismin>
          <yaxismax>100.0000</yaxismax>
          <show_legend>0</show_legend>
          <show_3d>0</show_3d>
          <percent_left>0.0000</percent_left>
          <percent_right>0.0000</percent_right>
          <graph_elements>
            <graph_element item="Tpl_Tribily_App_TFTP_Active_v1.0:vfs.fs.size[{$TFTP_ROOT},free]">
              <drawtype>2</drawtype>
              <sortorder>0</sortorder>
              <color>009900</color>
              <yaxisside>0</yaxisside>
              <calc_fnc>2</calc_fnc>
              <type>0</type>
              <periods_cnt>5</periods_cnt>
            </graph_element>
            <graph_element item="Tpl_Tribily_App_TFTP_Active_v1.0:proc.mem[in.tftpd]">
              <drawtype>2</drawtype>
              <sortorder>1</sortorder>
              <color>0000EE</color>
              <yaxisside>0</yaxisside>
              <calc_fnc>2</calc_fnc>
              <type>0</type>
              <periods_cnt>5</periods_cnt>
            </graph_element>
          </graph_elements>
        </graph>
      </graphs>
      <macros>
        <macro>
          <value>{HOSTNAME}</value>
          <name>{$IPADDRESS}</name>
        </macro>
        <macro>
          <value>1G</value>
          <name>{$MIN_TFTP_DISK}</name>
        </macro>
        <macro>
          <value>/tftpboot</value>
          <name>{$TFTP_ROOT}</name>
        </macro>
      </macros>
    </host>
  </hosts>
  <dependencies/>
</zabbix_export>
