<?xml version="1.0" encoding="UTF-8"?>
<zabbix_export version="1.0" date="15.09.11" time="09.00">
  <hosts>
    <host name="Tpl_Tribily_App_MySQL_Slave_Extended_v1.0">
      <proxy_hostid>0</proxy_hostid>
      <useip>1</useip>
      <dns></dns>
      <ip>127.0.0.1</ip>
      <port>10050</port>
      <status>3</status>
      <useipmi>0</useipmi>
      <ipmi_ip>127.0.0.1</ipmi_ip>
      <ipmi_port>623</ipmi_port>
      <ipmi_authtype>0</ipmi_authtype>
      <ipmi_privilege>2</ipmi_privilege>
      <ipmi_username></ipmi_username>
      <ipmi_password></ipmi_password>
      <groups>
        <group>Templates</group>
      </groups>
      <triggers>
        <trigger>
          <description>MySQL Slave IO is Not Running on {HOSTNAME}</description>
          <type>0</type>
          <expression>{Tpl_Tribily_App_MySQL_Slave_Extended_v1.0:mysqlslave.iorun.last(0)}#1</expression>
          <url></url>
          <status>0</status>
          <priority>4</priority>
          <comments>The Slave IO thread is not running, this indicates that something is wrong with the mysql replication on this host.</comments>
        </trigger>
        <trigger>
          <description>MySQL Slave {HOSTNAME} is more then 120s behind master</description>
          <type>0</type>
          <expression>{Tpl_Tribily_App_MySQL_Slave_Extended_v1.0:mysqlslave.secbmaster.last(0)}&gt;120</expression>
          <url></url>
          <status>0</status>
          <priority>4</priority>
          <comments>The 'seconds behind master' value of this slave is more then 120s. This means the slave is behind, but it doesn't mean it's actually 120s behind it's master. It's more of an indication that the slave is lagging behind.</comments>
        </trigger>
        <trigger>
          <description>MySQL Slave SQL is Not Running on {HOSTNAME}</description>
          <type>0</type>
          <expression>{Tpl_Tribily_App_MySQL_Slave_Extended_v1.0:mysqlslave.sqlrun.last(0)}#1</expression>
          <url></url>
          <status>0</status>
          <priority>4</priority>
          <comments>The Slave SQL thread is not running, this indicates that something is wrong with the mysql replication on this host.</comments>
        </trigger>
      </triggers>
      <items>
        <item type="7" key="mysqlslave.iorun" value_type="3">
          <description>MySQL Slave IO Running</description>
          <ipmi_sensor></ipmi_sensor>
          <delay>300</delay>
          <history>60</history>
          <trends>365</trends>
          <status>0</status>
          <data_type>0</data_type>
          <units></units>
          <multiplier>0</multiplier>
          <delta>0</delta>
          <formula>0</formula>
          <lastlogsize>0</lastlogsize>
          <logtimefmt></logtimefmt>
          <delay_flex></delay_flex>
          <authtype>0</authtype>
          <username></username>
          <password></password>
          <publickey></publickey>
          <privatekey></privatekey>
          <params></params>
          <trapper_hosts>localhost</trapper_hosts>
          <snmp_community></snmp_community>
          <snmp_oid></snmp_oid>
          <snmp_port>161</snmp_port>
          <snmpv3_securityname></snmpv3_securityname>
          <snmpv3_securitylevel>0</snmpv3_securitylevel>
          <snmpv3_authpassphrase></snmpv3_authpassphrase>
          <snmpv3_privpassphrase></snmpv3_privpassphrase>
          <applications>
            <application>MySQL_Slave</application>
          </applications>
        </item>
        <item type="7" key="mysqlslave.secbmaster" value_type="3">
          <description>MySQL Slave Seconds behind Master</description>
          <ipmi_sensor></ipmi_sensor>
          <delay>300</delay>
          <history>60</history>
          <trends>365</trends>
          <status>0</status>
          <data_type>0</data_type>
          <units></units>
          <multiplier>0</multiplier>
          <delta>0</delta>
          <formula>0</formula>
          <lastlogsize>0</lastlogsize>
          <logtimefmt></logtimefmt>
          <delay_flex></delay_flex>
          <authtype>0</authtype>
          <username></username>
          <password></password>
          <publickey></publickey>
          <privatekey></privatekey>
          <params></params>
          <trapper_hosts>localhost</trapper_hosts>
          <snmp_community></snmp_community>
          <snmp_oid></snmp_oid>
          <snmp_port>161</snmp_port>
          <snmpv3_securityname></snmpv3_securityname>
          <snmpv3_securitylevel>0</snmpv3_securitylevel>
          <snmpv3_authpassphrase></snmpv3_authpassphrase>
          <snmpv3_privpassphrase></snmpv3_privpassphrase>
          <applications>
            <application>MySQL_Slave</application>
          </applications>
        </item>
        <item type="7" key="mysqlslave.sqlrun" value_type="3">
          <description>MySQL Slave SQL Running</description>
          <ipmi_sensor></ipmi_sensor>
          <delay>300</delay>
          <history>60</history>
          <trends>365</trends>
          <status>0</status>
          <data_type>0</data_type>
          <units></units>
          <multiplier>0</multiplier>
          <delta>0</delta>
          <formula>0</formula>
          <lastlogsize>0</lastlogsize>
          <logtimefmt></logtimefmt>
          <delay_flex></delay_flex>
          <authtype>0</authtype>
          <username></username>
          <password></password>
          <publickey></publickey>
          <privatekey></privatekey>
          <params></params>
          <trapper_hosts>localhost</trapper_hosts>
          <snmp_community></snmp_community>
          <snmp_oid></snmp_oid>
          <snmp_port>161</snmp_port>
          <snmpv3_securityname></snmpv3_securityname>
          <snmpv3_securitylevel>0</snmpv3_securitylevel>
          <snmpv3_authpassphrase></snmpv3_authpassphrase>
          <snmpv3_privpassphrase></snmpv3_privpassphrase>
          <applications>
            <application>MySQL_Slave</application>
          </applications>
        </item>
      </items>
      <templates/>
      <graphs/>
      <macros/>
    </host>
  </hosts>
  <dependencies/>
</zabbix_export>
