<?xml version="1.0" encoding="UTF-8"?>
<zabbix_export version="1.0" date="16.04.12" time="11.24">
  <hosts>
    <host name="Tpl_Tribily_App_Apache_Redhat_Active_v1.0">
      <proxy_hostid>0</proxy_hostid>
      <useip>1</useip>
      <dns></dns>
      <ip>127.0.0.1</ip>
      <port>10050</port>
      <status>3</status>
      <useipmi>0</useipmi>
      <ipmi_ip>127.0.0.1</ipmi_ip>
      <ipmi_port>623</ipmi_port>
      <ipmi_authtype>0</ipmi_authtype>
      <ipmi_privilege>2</ipmi_privilege>
      <ipmi_username></ipmi_username>
      <ipmi_password></ipmi_password>
      <groups>
        <group>Templates</group>
      </groups>
      <triggers>
        <trigger>
          <description>http service is down on {HOSTNAME}</description>
          <type>0</type>
          <expression>{Tpl_Tribily_App_Apache_Redhat_Active_v1.0:net.tcp.service[http,{$IPADDRESS},].last(0)}=0</expression>
          <url></url>
          <status>0</status>
          <priority>3</priority>
          <comments>The webserver has stopped responding to requests on port 80 on the 127.0.0.1 interface.</comments>
        </trigger>
        <trigger>
          <description>httpd process is not running on {HOSTNAME}</description>
          <type>0</type>
          <expression>{Tpl_Tribily_App_Apache_Redhat_Active_v1.0:proc.num[httpd].last(0)}&lt;1</expression>
          <url></url>
          <status>0</status>
          <priority>3</priority>
          <comments>The number of running processes called 'httpd' is 0. This indicates that the webserver is not working appropriately.</comments>
        </trigger>
        <trigger>
          <description>/etc/httpd/conf/httpd.conf has been changed on {HOSTNAME}</description>
          <type>0</type>
          <expression>{Tpl_Tribily_App_Apache_Redhat_Active_v1.0:vfs.file.cksum[/etc/httpd/conf/httpd.conf].diff(0)}&gt;0</expression>
          <url></url>
          <status>0</status>
          <priority>1</priority>
          <comments>The contents of the file '/etc/httpd/conf/httpd.conf' have been changed. This file contains the main part of the configuration of the apache webserver.</comments>
        </trigger>
        <trigger>
          <description>/usr/sbin/httpd has been changed on {HOSTNAME}</description>
          <type>0</type>
          <expression>{Tpl_Tribily_App_Apache_Redhat_Active_v1.0:vfs.file.cksum[/usr/sbin/httpd].diff(0)}&gt;0</expression>
          <url></url>
          <status>0</status>
          <priority>1</priority>
          <comments>The checksum for the file '/usr/sbin/httpd' has been changed. This file is the binary of the apache2 webserver (actually it usually is a symlink, but that doesn't matter too much here). This normally happens when you install a new version of apache2.</comments>
        </trigger>
      </triggers>
      <items>
        <item type="7" key="net.tcp.service[http,{$IPADDRESS},]" value_type="3">
          <description>$1 service is running</description>
          <ipmi_sensor></ipmi_sensor>
          <delay>300</delay>
          <history>60</history>
          <trends>365</trends>
          <status>0</status>
          <data_type>0</data_type>
          <units></units>
          <multiplier>0</multiplier>
          <delta>0</delta>
          <formula>1</formula>
          <lastlogsize>0</lastlogsize>
          <logtimefmt></logtimefmt>
          <delay_flex></delay_flex>
          <authtype>0</authtype>
          <username></username>
          <password></password>
          <publickey></publickey>
          <privatekey></privatekey>
          <params></params>
          <trapper_hosts></trapper_hosts>
          <snmp_community></snmp_community>
          <snmp_oid></snmp_oid>
          <snmp_port>161</snmp_port>
          <snmpv3_securityname></snmpv3_securityname>
          <snmpv3_securitylevel>0</snmpv3_securitylevel>
          <snmpv3_authpassphrase></snmpv3_authpassphrase>
          <snmpv3_privpassphrase></snmpv3_privpassphrase>
          <applications>
            <application>HTTP</application>
          </applications>
        </item>
        <item type="7" key="proc.mem[httpd]" value_type="3">
          <description>Used memory of $1</description>
          <ipmi_sensor></ipmi_sensor>
          <delay>300</delay>
          <history>60</history>
          <trends>365</trends>
          <status>0</status>
          <data_type>0</data_type>
          <units>B</units>
          <multiplier>0</multiplier>
          <delta>0</delta>
          <formula>1</formula>
          <lastlogsize>0</lastlogsize>
          <logtimefmt></logtimefmt>
          <delay_flex></delay_flex>
          <authtype>0</authtype>
          <username></username>
          <password></password>
          <publickey></publickey>
          <privatekey></privatekey>
          <params></params>
          <trapper_hosts></trapper_hosts>
          <snmp_community></snmp_community>
          <snmp_oid></snmp_oid>
          <snmp_port>161</snmp_port>
          <snmpv3_securityname></snmpv3_securityname>
          <snmpv3_securitylevel>0</snmpv3_securitylevel>
          <snmpv3_authpassphrase></snmpv3_authpassphrase>
          <snmpv3_privpassphrase></snmpv3_privpassphrase>
          <applications>
            <application>HTTP</application>
          </applications>
        </item>
        <item type="7" key="proc.num[httpd]" value_type="3">
          <description>Number of running processes $1</description>
          <ipmi_sensor></ipmi_sensor>
          <delay>300</delay>
          <history>60</history>
          <trends>365</trends>
          <status>0</status>
          <data_type>0</data_type>
          <units></units>
          <multiplier>0</multiplier>
          <delta>0</delta>
          <formula>1</formula>
          <lastlogsize>0</lastlogsize>
          <logtimefmt></logtimefmt>
          <delay_flex></delay_flex>
          <authtype>0</authtype>
          <username></username>
          <password></password>
          <publickey></publickey>
          <privatekey></privatekey>
          <params></params>
          <trapper_hosts></trapper_hosts>
          <snmp_community></snmp_community>
          <snmp_oid></snmp_oid>
          <snmp_port>161</snmp_port>
          <snmpv3_securityname></snmpv3_securityname>
          <snmpv3_securitylevel>0</snmpv3_securitylevel>
          <snmpv3_authpassphrase></snmpv3_authpassphrase>
          <snmpv3_privpassphrase></snmpv3_privpassphrase>
          <applications>
            <application>HTTP</application>
          </applications>
        </item>
        <item type="7" key="vfs.file.cksum[/etc/httpd/conf/httpd.conf]" value_type="3">
          <description>Checksum of $1</description>
          <ipmi_sensor></ipmi_sensor>
          <delay>3600</delay>
          <history>60</history>
          <trends>365</trends>
          <status>0</status>
          <data_type>0</data_type>
          <units></units>
          <multiplier>0</multiplier>
          <delta>0</delta>
          <formula>1</formula>
          <lastlogsize>0</lastlogsize>
          <logtimefmt></logtimefmt>
          <delay_flex></delay_flex>
          <authtype>0</authtype>
          <username></username>
          <password></password>
          <publickey></publickey>
          <privatekey></privatekey>
          <params></params>
          <trapper_hosts></trapper_hosts>
          <snmp_community></snmp_community>
          <snmp_oid></snmp_oid>
          <snmp_port>161</snmp_port>
          <snmpv3_securityname></snmpv3_securityname>
          <snmpv3_securitylevel>0</snmpv3_securitylevel>
          <snmpv3_authpassphrase></snmpv3_authpassphrase>
          <snmpv3_privpassphrase></snmpv3_privpassphrase>
          <applications>
            <application>HTTP</application>
          </applications>
        </item>
        <item type="7" key="vfs.file.cksum[/usr/sbin/httpd]" value_type="3">
          <description>Checksum of $1</description>
          <ipmi_sensor></ipmi_sensor>
          <delay>3600</delay>
          <history>60</history>
          <trends>365</trends>
          <status>0</status>
          <data_type>0</data_type>
          <units></units>
          <multiplier>0</multiplier>
          <delta>0</delta>
          <formula>1</formula>
          <lastlogsize>0</lastlogsize>
          <logtimefmt></logtimefmt>
          <delay_flex></delay_flex>
          <authtype>0</authtype>
          <username></username>
          <password></password>
          <publickey></publickey>
          <privatekey></privatekey>
          <params></params>
          <trapper_hosts></trapper_hosts>
          <snmp_community></snmp_community>
          <snmp_oid></snmp_oid>
          <snmp_port>161</snmp_port>
          <snmpv3_securityname></snmpv3_securityname>
          <snmpv3_securitylevel>0</snmpv3_securitylevel>
          <snmpv3_authpassphrase></snmpv3_authpassphrase>
          <snmpv3_privpassphrase></snmpv3_privpassphrase>
          <applications>
            <application>HTTP</application>
          </applications>
        </item>
      </items>
      <templates/>
      <graphs>
        <graph name="httpd_process_vs_memory" width="900" height="200">
          <ymin_type>0</ymin_type>
          <ymax_type>0</ymax_type>
          <ymin_item_key></ymin_item_key>
          <ymax_item_key></ymax_item_key>
          <show_work_period>1</show_work_period>
          <show_triggers>1</show_triggers>
          <graphtype>0</graphtype>
          <yaxismin>0.0000</yaxismin>
          <yaxismax>100.0000</yaxismax>
          <show_legend>0</show_legend>
          <show_3d>0</show_3d>
          <percent_left>0.0000</percent_left>
          <percent_right>0.0000</percent_right>
          <graph_elements>
            <graph_element item="Tpl_Tribily_App_Apache_Redhat_Active_v1.0:proc.num[httpd]">
              <drawtype>0</drawtype>
              <sortorder>10</sortorder>
              <color>0000FF</color>
              <yaxisside>1</yaxisside>
              <calc_fnc>2</calc_fnc>
              <type>0</type>
              <periods_cnt>5</periods_cnt>
            </graph_element>
            <graph_element item="Tpl_Tribily_App_Apache_Redhat_Active_v1.0:proc.mem[httpd]">
              <drawtype>0</drawtype>
              <sortorder>20</sortorder>
              <color>FF0000</color>
              <yaxisside>0</yaxisside>
              <calc_fnc>2</calc_fnc>
              <type>0</type>
              <periods_cnt>5</periods_cnt>
            </graph_element>
          </graph_elements>
        </graph>
      </graphs>
      <macros>
        <macro>
          <value>127.0.0.1</value>
          <name>{$IPADDRESS}</name>
        </macro>
      </macros>
    </host>
  </hosts>
  <dependencies/>
</zabbix_export>
