<?xml version="1.0" encoding="UTF-8"?>
<zabbix_export version="1.0" date="15.09.11" time="08.52">
  <hosts>
    <host name="Tpl_Tribily_App_SSHD_Active_v1.0">
      <proxy_hostid>0</proxy_hostid>
      <useip>1</useip>
      <dns></dns>
      <ip>127.0.0.1</ip>
      <port>10050</port>
      <status>3</status>
      <useipmi>0</useipmi>
      <ipmi_ip>127.0.0.1</ipmi_ip>
      <ipmi_port>623</ipmi_port>
      <ipmi_authtype>0</ipmi_authtype>
      <ipmi_privilege>2</ipmi_privilege>
      <ipmi_username></ipmi_username>
      <ipmi_password></ipmi_password>
      <groups>
        <group>Templates</group>
      </groups>
      <triggers>
        <trigger>
          <description>SSH service is down on {HOSTNAME}</description>
          <type>0</type>
          <expression>{Tpl_Tribily_App_SSHD_Active_v1.0:proc.num[sshd].last(0)}&lt;1</expression>
          <url></url>
          <status>0</status>
          <priority>3</priority>
          <comments>The number of processes named 'sshd' on this server is currently 0. This indicates that your ssh server might have crashed or has been shutdown.</comments>
        </trigger>
      </triggers>
      <items>
        <item type="7" key="net.tcp.service[ssh]" value_type="3">
          <description>SSH server is running</description>
          <ipmi_sensor></ipmi_sensor>
          <delay>60</delay>
          <history>60</history>
          <trends>365</trends>
          <status>1</status>
          <data_type>0</data_type>
          <units></units>
          <multiplier>0</multiplier>
          <delta>0</delta>
          <formula>0</formula>
          <lastlogsize>0</lastlogsize>
          <logtimefmt></logtimefmt>
          <delay_flex></delay_flex>
          <authtype>0</authtype>
          <username></username>
          <password></password>
          <publickey></publickey>
          <privatekey></privatekey>
          <params></params>
          <trapper_hosts></trapper_hosts>
          <snmp_community></snmp_community>
          <snmp_oid></snmp_oid>
          <snmp_port>161</snmp_port>
          <snmpv3_securityname></snmpv3_securityname>
          <snmpv3_securitylevel>0</snmpv3_securitylevel>
          <snmpv3_authpassphrase></snmpv3_authpassphrase>
          <snmpv3_privpassphrase></snmpv3_privpassphrase>
          <applications>
            <application>SSHD</application>
          </applications>
        </item>
        <item type="7" key="proc.mem[sshd]" value_type="3">
          <description>Used memory of $1</description>
          <ipmi_sensor></ipmi_sensor>
          <delay>30</delay>
          <history>60</history>
          <trends>365</trends>
          <status>0</status>
          <data_type>0</data_type>
          <units>B</units>
          <multiplier>0</multiplier>
          <delta>0</delta>
          <formula>1</formula>
          <lastlogsize>0</lastlogsize>
          <logtimefmt></logtimefmt>
          <delay_flex></delay_flex>
          <authtype>0</authtype>
          <username></username>
          <password></password>
          <publickey></publickey>
          <privatekey></privatekey>
          <params></params>
          <trapper_hosts></trapper_hosts>
          <snmp_community></snmp_community>
          <snmp_oid></snmp_oid>
          <snmp_port>161</snmp_port>
          <snmpv3_securityname></snmpv3_securityname>
          <snmpv3_securitylevel>0</snmpv3_securitylevel>
          <snmpv3_authpassphrase></snmpv3_authpassphrase>
          <snmpv3_privpassphrase></snmpv3_privpassphrase>
          <applications>
            <application>SSHD</application>
          </applications>
        </item>
        <item type="7" key="proc.num[sshd]" value_type="3">
          <description>Number of running processes $1</description>
          <ipmi_sensor></ipmi_sensor>
          <delay>30</delay>
          <history>60</history>
          <trends>365</trends>
          <status>0</status>
          <data_type>0</data_type>
          <units></units>
          <multiplier>0</multiplier>
          <delta>0</delta>
          <formula>1</formula>
          <lastlogsize>0</lastlogsize>
          <logtimefmt></logtimefmt>
          <delay_flex></delay_flex>
          <authtype>0</authtype>
          <username></username>
          <password></password>
          <publickey></publickey>
          <privatekey></privatekey>
          <params></params>
          <trapper_hosts></trapper_hosts>
          <snmp_community></snmp_community>
          <snmp_oid></snmp_oid>
          <snmp_port>161</snmp_port>
          <snmpv3_securityname></snmpv3_securityname>
          <snmpv3_securitylevel>0</snmpv3_securitylevel>
          <snmpv3_authpassphrase></snmpv3_authpassphrase>
          <snmpv3_privpassphrase></snmpv3_privpassphrase>
          <applications>
            <application>SSHD</application>
          </applications>
        </item>
      </items>
      <templates/>
      <graphs>
        <graph name="sshd_process_vs_memory" width="900" height="200">
          <ymin_type>0</ymin_type>
          <ymax_type>0</ymax_type>
          <ymin_item_key></ymin_item_key>
          <ymax_item_key></ymax_item_key>
          <show_work_period>1</show_work_period>
          <show_triggers>1</show_triggers>
          <graphtype>0</graphtype>
          <yaxismin>0.0000</yaxismin>
          <yaxismax>100.0000</yaxismax>
          <show_legend>0</show_legend>
          <show_3d>0</show_3d>
          <percent_left>0.0000</percent_left>
          <percent_right>0.0000</percent_right>
          <graph_elements>
            <graph_element item="Tpl_Tribily_App_SSHD_Active_v1.0:proc.num[sshd]">
              <drawtype>2</drawtype>
              <sortorder>0</sortorder>
              <color>0000DD</color>
              <yaxisside>0</yaxisside>
              <calc_fnc>2</calc_fnc>
              <type>0</type>
              <periods_cnt>5</periods_cnt>
            </graph_element>
            <graph_element item="Tpl_Tribily_App_SSHD_Active_v1.0:proc.mem[sshd]">
              <drawtype>2</drawtype>
              <sortorder>1</sortorder>
              <color>EE0000</color>
              <yaxisside>0</yaxisside>
              <calc_fnc>2</calc_fnc>
              <type>0</type>
              <periods_cnt>5</periods_cnt>
            </graph_element>
          </graph_elements>
        </graph>
      </graphs>
      <macros>
        <macro>
          <value>{HOSTNAME}</value>
          <name>{$IPADDRESS}</name>
        </macro>
        <macro>
          <value>53782</value>
          <name>{$SSH_PORT}</name>
        </macro>
      </macros>
    </host>
  </hosts>
  <dependencies/>
</zabbix_export>
