<?xml version="1.0" encoding="UTF-8"?>
<zabbix_export version="1.0" date="18.01.12" time="13.03">
  <hosts>
    <host name="Tpl_Tribily_HW_Adaptec_Extended_v1.0">
      <proxy_hostid>0</proxy_hostid>
      <useip>1</useip>
      <dns></dns>
      <ip>127.0.0.1</ip>
      <port>10050</port>
      <status>3</status>
      <useipmi>0</useipmi>
      <ipmi_ip>127.0.0.1</ipmi_ip>
      <ipmi_port>623</ipmi_port>
      <ipmi_authtype>0</ipmi_authtype>
      <ipmi_privilege>2</ipmi_privilege>
      <ipmi_username></ipmi_username>
      <ipmi_password></ipmi_password>
      <groups>
        <group>Templates</group>
      </groups>
      <triggers>
        <trigger>
          <description>S.M.A.R.T warnings on RAID harddisk-1 on {HOSTNAME}</description>
          <type>0</type>
          <expression>{Tpl_Tribily_HW_Adaptec_Extended_v1.0:adpt.1smart.last(0)}&gt;0</expression>
          <url></url>
          <status>0</status>
          <priority>4</priority>
          <comments>There are one or more S.M.A.R.T. (Self-Monitoring, Analysis and Reporting Technology) errors on first harddisk of your RAID setup. This happens when there is something wrong with the harddisk.</comments>
        </trigger>
        <trigger>
          <description>S.M.A.R.T warnings on RAID harddisk-2 on {HOSTNAME}</description>
          <type>0</type>
          <expression>{Tpl_Tribily_HW_Adaptec_Extended_v1.0:adpt.2smart.last(0)}&gt;0</expression>
          <url></url>
          <status>0</status>
          <priority>4</priority>
          <comments>There are one or more S.M.A.R.T. (Self-Monitoring, Analysis and Reporting Technology) errors on second harddisk of your RAID setup. This happens when there is something wrong with the harddisk.</comments>
        </trigger>
        <trigger>
          <description>Battery state of RAID controller on {HOSTNAME} has changed</description>
          <type>0</type>
          <expression>{Tpl_Tribily_HW_Adaptec_Extended_v1.0:adpt.battery.diff(0)}&gt;0</expression>
          <url></url>
          <status>0</status>
          <priority>1</priority>
          <comments>There is a change in state of battery sensor on RAID Controller.&#13;
This either means a battery was installed or removed.</comments>
        </trigger>
        <trigger>
          <description>BIOS version of RAID controller on {HOSTNAME} has changed</description>
          <type>0</type>
          <expression>{Tpl_Tribily_HW_Adaptec_Extended_v1.0:adpt.bios.diff(0)}&gt;0</expression>
          <url></url>
          <status>0</status>
          <priority>1</priority>
          <comments>There is a change in version number on BIOS of RAID controller. This could happen if BIOS was updated.</comments>
        </trigger>
        <trigger>
          <description>RAID controller model on {HOSTNAME} has changed</description>
          <type>0</type>
          <expression>{Tpl_Tribily_HW_Adaptec_Extended_v1.0:adpt.conmod.diff(0)}&gt;0</expression>
          <url></url>
          <status>0</status>
          <priority>3</priority>
          <comments>There is a change in RAID controller model of your server. This could happen if the RAID controller hardware was replaced/RMA'd on your server.</comments>
        </trigger>
        <trigger>
          <description>Driver version on RAID controller on {HOSTNAME} has changed</description>
          <type>0</type>
          <expression>{Tpl_Tribily_HW_Adaptec_Extended_v1.0:adpt.driver.last(0)}&gt;0</expression>
          <url></url>
          <status>0</status>
          <priority>1</priority>
          <comments>There is a change in version number of drivers installed on RAID controller. This could happen if drivers were updated.</comments>
        </trigger>
        <trigger>
          <description>Firmware of RAID controller on {HOSTNAME} has changed</description>
          <type>0</type>
          <expression>{Tpl_Tribily_HW_Adaptec_Extended_v1.0:adpt.firm.diff(0)}&gt;0</expression>
          <url></url>
          <status>0</status>
          <priority>1</priority>
          <comments>There is a change in firmware of RAID controller. This could happen if firmware was updated or RAID controller was replaced.</comments>
        </trigger>
        <trigger>
          <description>Boot Flash version of RAID controller on {HOSTNAME} has changed</description>
          <type>0</type>
          <expression>{Tpl_Tribily_HW_Adaptec_Extended_v1.0:adpt.flash.diff(0)}&gt;0</expression>
          <url></url>
          <status>0</status>
          <priority>1</priority>
          <comments>There is a change in version number of boot flash on RAID controller. The most common reason for this is a firmware update.</comments>
        </trigger>
        <trigger>
          <description>Degraded Logical devices in RAID on {HOSTNAME}</description>
          <type>0</type>
          <expression>{Tpl_Tribily_HW_Adaptec_Extended_v1.0:adpt.ldevdeg.last(0)}&gt;0</expression>
          <url></url>
          <status>0</status>
          <priority>5</priority>
          <comments>Count on number of degraded logical devices is greater than 0. This means one or more of your logical devices in your RAID setup has degraded.</comments>
        </trigger>
        <trigger>
          <description>Failed Logical devices in RAID on {HOSTNAME}</description>
          <type>0</type>
          <expression>{Tpl_Tribily_HW_Adaptec_Extended_v1.0:adpt.ldevfail.last(0)}&gt;0</expression>
          <url></url>
          <status>0</status>
          <priority>5</priority>
          <comments>Count on number of failed logical devices is greater than 0. This means one or more of your logical devices in your RAID setup has been marked failed.</comments>
        </trigger>
        <trigger>
          <description>Available Logical Devices in RAID on {HOSTNAME} has changed</description>
          <type>0</type>
          <expression>{Tpl_Tribily_HW_Adaptec_Extended_v1.0:adpt.ldevon.diff(0)}&gt;0</expression>
          <url></url>
          <status>0</status>
          <priority>1</priority>
          <comments>The count of number of Logical devices on the server has changed. This means either one or more existing logical devices were removed or added.</comments>
        </trigger>
        <trigger>
          <description>RAID level on {HOSTNAME} has changed</description>
          <type>0</type>
          <expression>{Tpl_Tribily_HW_Adaptec_Extended_v1.0:adpt.raidlevel.diff(0)}&gt;0</expression>
          <url></url>
          <status>0</status>
          <priority>3</priority>
          <comments>There is a change in RAID level of your server. This could happen if the RAID was re-done to use a different level of redundancy.</comments>
        </trigger>
        <trigger>
          <description>Change in RAID capacity on {HOSTNAME}</description>
          <type>0</type>
          <expression>{Tpl_Tribily_HW_Adaptec_Extended_v1.0:adpt.raidsize.diff(0)}&gt;0</expression>
          <url></url>
          <status>0</status>
          <priority>4</priority>
          <comments>There is a change in RAID capacity of your server. This could happen if RAID level was changed or something is wrong with RAID controller/disks.</comments>
        </trigger>
      </triggers>
      <items>
        <item type="7" key="adpt.1power" value_type="4">
          <description>HardDisk-1 Power State</description>
          <ipmi_sensor></ipmi_sensor>
          <delay>300</delay>
          <history>60</history>
          <trends>365</trends>
          <status>0</status>
          <data_type>0</data_type>
          <units></units>
          <multiplier>0</multiplier>
          <delta>0</delta>
          <formula>0</formula>
          <lastlogsize>0</lastlogsize>
          <logtimefmt></logtimefmt>
          <delay_flex></delay_flex>
          <authtype>0</authtype>
          <username></username>
          <password></password>
          <publickey></publickey>
          <privatekey></privatekey>
          <params></params>
          <trapper_hosts>localhost</trapper_hosts>
          <snmp_community></snmp_community>
          <snmp_oid></snmp_oid>
          <snmp_port>161</snmp_port>
          <snmpv3_securityname></snmpv3_securityname>
          <snmpv3_securitylevel>0</snmpv3_securitylevel>
          <snmpv3_authpassphrase></snmpv3_authpassphrase>
          <snmpv3_privpassphrase></snmpv3_privpassphrase>
          <applications>
            <application>Adaptec RAID</application>
          </applications>
        </item>
        <item type="7" key="adpt.1smart" value_type="3">
          <description>HardDisk-1 SMART Warnings</description>
          <ipmi_sensor></ipmi_sensor>
          <delay>300</delay>
          <history>60</history>
          <trends>365</trends>
          <status>0</status>
          <data_type>0</data_type>
          <units></units>
          <multiplier>0</multiplier>
          <delta>0</delta>
          <formula>0</formula>
          <lastlogsize>0</lastlogsize>
          <logtimefmt></logtimefmt>
          <delay_flex></delay_flex>
          <authtype>0</authtype>
          <username></username>
          <password></password>
          <publickey></publickey>
          <privatekey></privatekey>
          <params></params>
          <trapper_hosts>localhost</trapper_hosts>
          <snmp_community></snmp_community>
          <snmp_oid></snmp_oid>
          <snmp_port>161</snmp_port>
          <snmpv3_securityname></snmpv3_securityname>
          <snmpv3_securitylevel>0</snmpv3_securitylevel>
          <snmpv3_authpassphrase></snmpv3_authpassphrase>
          <snmpv3_privpassphrase></snmpv3_privpassphrase>
          <applications>
            <application>Adaptec RAID</application>
          </applications>
        </item>
        <item type="7" key="adpt.1state" value_type="4">
          <description>HardDisk-1 Status</description>
          <ipmi_sensor></ipmi_sensor>
          <delay>300</delay>
          <history>60</history>
          <trends>365</trends>
          <status>0</status>
          <data_type>0</data_type>
          <units></units>
          <multiplier>0</multiplier>
          <delta>0</delta>
          <formula>0</formula>
          <lastlogsize>0</lastlogsize>
          <logtimefmt></logtimefmt>
          <delay_flex></delay_flex>
          <authtype>0</authtype>
          <username></username>
          <password></password>
          <publickey></publickey>
          <privatekey></privatekey>
          <params></params>
          <trapper_hosts>localhost</trapper_hosts>
          <snmp_community></snmp_community>
          <snmp_oid></snmp_oid>
          <snmp_port>161</snmp_port>
          <snmpv3_securityname></snmpv3_securityname>
          <snmpv3_securitylevel>0</snmpv3_securitylevel>
          <snmpv3_authpassphrase></snmpv3_authpassphrase>
          <snmpv3_privpassphrase></snmpv3_privpassphrase>
          <applications>
            <application>Adaptec RAID</application>
          </applications>
        </item>
        <item type="7" key="adpt.2power" value_type="4">
          <description>HardDisk-2 Power State</description>
          <ipmi_sensor></ipmi_sensor>
          <delay>300</delay>
          <history>60</history>
          <trends>365</trends>
          <status>0</status>
          <data_type>0</data_type>
          <units></units>
          <multiplier>0</multiplier>
          <delta>0</delta>
          <formula>0</formula>
          <lastlogsize>0</lastlogsize>
          <logtimefmt></logtimefmt>
          <delay_flex></delay_flex>
          <authtype>0</authtype>
          <username></username>
          <password></password>
          <publickey></publickey>
          <privatekey></privatekey>
          <params></params>
          <trapper_hosts>localhost</trapper_hosts>
          <snmp_community></snmp_community>
          <snmp_oid></snmp_oid>
          <snmp_port>161</snmp_port>
          <snmpv3_securityname></snmpv3_securityname>
          <snmpv3_securitylevel>0</snmpv3_securitylevel>
          <snmpv3_authpassphrase></snmpv3_authpassphrase>
          <snmpv3_privpassphrase></snmpv3_privpassphrase>
          <applications>
            <application>Adaptec RAID</application>
          </applications>
        </item>
        <item type="7" key="adpt.2smart" value_type="3">
          <description>HardDisk-2 SMART Warnings</description>
          <ipmi_sensor></ipmi_sensor>
          <delay>300</delay>
          <history>60</history>
          <trends>365</trends>
          <status>0</status>
          <data_type>0</data_type>
          <units></units>
          <multiplier>0</multiplier>
          <delta>0</delta>
          <formula>0</formula>
          <lastlogsize>0</lastlogsize>
          <logtimefmt></logtimefmt>
          <delay_flex></delay_flex>
          <authtype>0</authtype>
          <username></username>
          <password></password>
          <publickey></publickey>
          <privatekey></privatekey>
          <params></params>
          <trapper_hosts>localhost</trapper_hosts>
          <snmp_community></snmp_community>
          <snmp_oid></snmp_oid>
          <snmp_port>161</snmp_port>
          <snmpv3_securityname></snmpv3_securityname>
          <snmpv3_securitylevel>0</snmpv3_securitylevel>
          <snmpv3_authpassphrase></snmpv3_authpassphrase>
          <snmpv3_privpassphrase></snmpv3_privpassphrase>
          <applications>
            <application>Adaptec RAID</application>
          </applications>
        </item>
        <item type="7" key="adpt.2state" value_type="4">
          <description>HardDisk-2 Status</description>
          <ipmi_sensor></ipmi_sensor>
          <delay>300</delay>
          <history>60</history>
          <trends>365</trends>
          <status>0</status>
          <data_type>0</data_type>
          <units></units>
          <multiplier>0</multiplier>
          <delta>0</delta>
          <formula>0</formula>
          <lastlogsize>0</lastlogsize>
          <logtimefmt></logtimefmt>
          <delay_flex></delay_flex>
          <authtype>0</authtype>
          <username></username>
          <password></password>
          <publickey></publickey>
          <privatekey></privatekey>
          <params></params>
          <trapper_hosts>localhost</trapper_hosts>
          <snmp_community></snmp_community>
          <snmp_oid></snmp_oid>
          <snmp_port>161</snmp_port>
          <snmpv3_securityname></snmpv3_securityname>
          <snmpv3_securitylevel>0</snmpv3_securitylevel>
          <snmpv3_authpassphrase></snmpv3_authpassphrase>
          <snmpv3_privpassphrase></snmpv3_privpassphrase>
          <applications>
            <application>Adaptec RAID</application>
          </applications>
        </item>
        <item type="7" key="adpt.battery" value_type="4">
          <description>Battery Status</description>
          <ipmi_sensor></ipmi_sensor>
          <delay>300</delay>
          <history>60</history>
          <trends>365</trends>
          <status>0</status>
          <data_type>0</data_type>
          <units></units>
          <multiplier>0</multiplier>
          <delta>0</delta>
          <formula>0</formula>
          <lastlogsize>0</lastlogsize>
          <logtimefmt></logtimefmt>
          <delay_flex></delay_flex>
          <authtype>0</authtype>
          <username></username>
          <password></password>
          <publickey></publickey>
          <privatekey></privatekey>
          <params></params>
          <trapper_hosts>localhost</trapper_hosts>
          <snmp_community></snmp_community>
          <snmp_oid></snmp_oid>
          <snmp_port>161</snmp_port>
          <snmpv3_securityname></snmpv3_securityname>
          <snmpv3_securitylevel>0</snmpv3_securitylevel>
          <snmpv3_authpassphrase></snmpv3_authpassphrase>
          <snmpv3_privpassphrase></snmpv3_privpassphrase>
          <applications>
            <application>Adaptec RAID</application>
          </applications>
        </item>
        <item type="7" key="adpt.bios" value_type="4">
          <description>BIOS Version</description>
          <ipmi_sensor></ipmi_sensor>
          <delay>300</delay>
          <history>60</history>
          <trends>365</trends>
          <status>0</status>
          <data_type>0</data_type>
          <units></units>
          <multiplier>0</multiplier>
          <delta>0</delta>
          <formula>0</formula>
          <lastlogsize>0</lastlogsize>
          <logtimefmt></logtimefmt>
          <delay_flex></delay_flex>
          <authtype>0</authtype>
          <username></username>
          <password></password>
          <publickey></publickey>
          <privatekey></privatekey>
          <params></params>
          <trapper_hosts>localhost</trapper_hosts>
          <snmp_community></snmp_community>
          <snmp_oid></snmp_oid>
          <snmp_port>161</snmp_port>
          <snmpv3_securityname></snmpv3_securityname>
          <snmpv3_securitylevel>0</snmpv3_securitylevel>
          <snmpv3_authpassphrase></snmpv3_authpassphrase>
          <snmpv3_privpassphrase></snmpv3_privpassphrase>
          <applications>
            <application>Adaptec RAID</application>
          </applications>
        </item>
        <item type="7" key="adpt.conmod" value_type="4">
          <description>Controller Model</description>
          <ipmi_sensor></ipmi_sensor>
          <delay>300</delay>
          <history>60</history>
          <trends>365</trends>
          <status>0</status>
          <data_type>0</data_type>
          <units></units>
          <multiplier>0</multiplier>
          <delta>0</delta>
          <formula>0</formula>
          <lastlogsize>0</lastlogsize>
          <logtimefmt></logtimefmt>
          <delay_flex></delay_flex>
          <authtype>0</authtype>
          <username></username>
          <password></password>
          <publickey></publickey>
          <privatekey></privatekey>
          <params></params>
          <trapper_hosts>localhost</trapper_hosts>
          <snmp_community></snmp_community>
          <snmp_oid></snmp_oid>
          <snmp_port>161</snmp_port>
          <snmpv3_securityname></snmpv3_securityname>
          <snmpv3_securitylevel>0</snmpv3_securitylevel>
          <snmpv3_authpassphrase></snmpv3_authpassphrase>
          <snmpv3_privpassphrase></snmpv3_privpassphrase>
          <applications>
            <application>Adaptec RAID</application>
          </applications>
        </item>
        <item type="7" key="adpt.driver" value_type="4">
          <description>Driver Version</description>
          <ipmi_sensor></ipmi_sensor>
          <delay>300</delay>
          <history>60</history>
          <trends>365</trends>
          <status>0</status>
          <data_type>0</data_type>
          <units></units>
          <multiplier>0</multiplier>
          <delta>0</delta>
          <formula>0</formula>
          <lastlogsize>0</lastlogsize>
          <logtimefmt></logtimefmt>
          <delay_flex></delay_flex>
          <authtype>0</authtype>
          <username></username>
          <password></password>
          <publickey></publickey>
          <privatekey></privatekey>
          <params></params>
          <trapper_hosts>localhost</trapper_hosts>
          <snmp_community></snmp_community>
          <snmp_oid></snmp_oid>
          <snmp_port>161</snmp_port>
          <snmpv3_securityname></snmpv3_securityname>
          <snmpv3_securitylevel>0</snmpv3_securitylevel>
          <snmpv3_authpassphrase></snmpv3_authpassphrase>
          <snmpv3_privpassphrase></snmpv3_privpassphrase>
          <applications>
            <application>Adaptec RAID</application>
          </applications>
        </item>
        <item type="7" key="adpt.firm" value_type="4">
          <description>Firmware Version</description>
          <ipmi_sensor></ipmi_sensor>
          <delay>300</delay>
          <history>60</history>
          <trends>365</trends>
          <status>0</status>
          <data_type>0</data_type>
          <units></units>
          <multiplier>0</multiplier>
          <delta>0</delta>
          <formula>0</formula>
          <lastlogsize>0</lastlogsize>
          <logtimefmt></logtimefmt>
          <delay_flex></delay_flex>
          <authtype>0</authtype>
          <username></username>
          <password></password>
          <publickey></publickey>
          <privatekey></privatekey>
          <params></params>
          <trapper_hosts>localhost</trapper_hosts>
          <snmp_community></snmp_community>
          <snmp_oid></snmp_oid>
          <snmp_port>161</snmp_port>
          <snmpv3_securityname></snmpv3_securityname>
          <snmpv3_securitylevel>0</snmpv3_securitylevel>
          <snmpv3_authpassphrase></snmpv3_authpassphrase>
          <snmpv3_privpassphrase></snmpv3_privpassphrase>
          <applications>
            <application>Adaptec RAID</application>
          </applications>
        </item>
        <item type="7" key="adpt.flash" value_type="4">
          <description>Boot Flash Version</description>
          <ipmi_sensor></ipmi_sensor>
          <delay>300</delay>
          <history>60</history>
          <trends>365</trends>
          <status>0</status>
          <data_type>0</data_type>
          <units></units>
          <multiplier>0</multiplier>
          <delta>0</delta>
          <formula>0</formula>
          <lastlogsize>0</lastlogsize>
          <logtimefmt></logtimefmt>
          <delay_flex></delay_flex>
          <authtype>0</authtype>
          <username></username>
          <password></password>
          <publickey></publickey>
          <privatekey></privatekey>
          <params></params>
          <trapper_hosts>localhost</trapper_hosts>
          <snmp_community></snmp_community>
          <snmp_oid></snmp_oid>
          <snmp_port>161</snmp_port>
          <snmpv3_securityname></snmpv3_securityname>
          <snmpv3_securitylevel>0</snmpv3_securitylevel>
          <snmpv3_authpassphrase></snmpv3_authpassphrase>
          <snmpv3_privpassphrase></snmpv3_privpassphrase>
          <applications>
            <application>Adaptec RAID</application>
          </applications>
        </item>
        <item type="7" key="adpt.ldevdeg" value_type="3">
          <description>Degraded Logical Devices</description>
          <ipmi_sensor></ipmi_sensor>
          <delay>300</delay>
          <history>60</history>
          <trends>365</trends>
          <status>0</status>
          <data_type>0</data_type>
          <units></units>
          <multiplier>0</multiplier>
          <delta>0</delta>
          <formula>0</formula>
          <lastlogsize>0</lastlogsize>
          <logtimefmt></logtimefmt>
          <delay_flex></delay_flex>
          <authtype>0</authtype>
          <username></username>
          <password></password>
          <publickey></publickey>
          <privatekey></privatekey>
          <params></params>
          <trapper_hosts>localhost</trapper_hosts>
          <snmp_community></snmp_community>
          <snmp_oid></snmp_oid>
          <snmp_port>161</snmp_port>
          <snmpv3_securityname></snmpv3_securityname>
          <snmpv3_securitylevel>0</snmpv3_securitylevel>
          <snmpv3_authpassphrase></snmpv3_authpassphrase>
          <snmpv3_privpassphrase></snmpv3_privpassphrase>
          <applications>
            <application>Adaptec RAID</application>
          </applications>
        </item>
        <item type="7" key="adpt.ldevfail" value_type="3">
          <description>Failed Logical Devices</description>
          <ipmi_sensor></ipmi_sensor>
          <delay>300</delay>
          <history>60</history>
          <trends>365</trends>
          <status>0</status>
          <data_type>0</data_type>
          <units></units>
          <multiplier>0</multiplier>
          <delta>0</delta>
          <formula>0</formula>
          <lastlogsize>0</lastlogsize>
          <logtimefmt></logtimefmt>
          <delay_flex></delay_flex>
          <authtype>0</authtype>
          <username></username>
          <password></password>
          <publickey></publickey>
          <privatekey></privatekey>
          <params></params>
          <trapper_hosts>localhost</trapper_hosts>
          <snmp_community></snmp_community>
          <snmp_oid></snmp_oid>
          <snmp_port>161</snmp_port>
          <snmpv3_securityname></snmpv3_securityname>
          <snmpv3_securitylevel>0</snmpv3_securitylevel>
          <snmpv3_authpassphrase></snmpv3_authpassphrase>
          <snmpv3_privpassphrase></snmpv3_privpassphrase>
          <applications>
            <application>Adaptec RAID</application>
          </applications>
        </item>
        <item type="7" key="adpt.ldevon" value_type="3">
          <description>Available Logical Devices</description>
          <ipmi_sensor></ipmi_sensor>
          <delay>300</delay>
          <history>60</history>
          <trends>365</trends>
          <status>0</status>
          <data_type>0</data_type>
          <units></units>
          <multiplier>0</multiplier>
          <delta>0</delta>
          <formula>0</formula>
          <lastlogsize>0</lastlogsize>
          <logtimefmt></logtimefmt>
          <delay_flex></delay_flex>
          <authtype>0</authtype>
          <username></username>
          <password></password>
          <publickey></publickey>
          <privatekey></privatekey>
          <params></params>
          <trapper_hosts>localhost</trapper_hosts>
          <snmp_community></snmp_community>
          <snmp_oid></snmp_oid>
          <snmp_port>161</snmp_port>
          <snmpv3_securityname></snmpv3_securityname>
          <snmpv3_securitylevel>0</snmpv3_securitylevel>
          <snmpv3_authpassphrase></snmpv3_authpassphrase>
          <snmpv3_privpassphrase></snmpv3_privpassphrase>
          <applications>
            <application>Adaptec RAID</application>
          </applications>
        </item>
        <item type="7" key="adpt.raidlevel" value_type="3">
          <description>RAID Level</description>
          <ipmi_sensor></ipmi_sensor>
          <delay>300</delay>
          <history>60</history>
          <trends>365</trends>
          <status>0</status>
          <data_type>0</data_type>
          <units></units>
          <multiplier>0</multiplier>
          <delta>0</delta>
          <formula>0</formula>
          <lastlogsize>0</lastlogsize>
          <logtimefmt></logtimefmt>
          <delay_flex></delay_flex>
          <authtype>0</authtype>
          <username></username>
          <password></password>
          <publickey></publickey>
          <privatekey></privatekey>
          <params></params>
          <trapper_hosts>localhost</trapper_hosts>
          <snmp_community></snmp_community>
          <snmp_oid></snmp_oid>
          <snmp_port>161</snmp_port>
          <snmpv3_securityname></snmpv3_securityname>
          <snmpv3_securitylevel>0</snmpv3_securitylevel>
          <snmpv3_authpassphrase></snmpv3_authpassphrase>
          <snmpv3_privpassphrase></snmpv3_privpassphrase>
          <applications>
            <application>Adaptec RAID</application>
          </applications>
        </item>
        <item type="7" key="adpt.raidsize" value_type="3">
          <description>RAID Size in MB</description>
          <ipmi_sensor></ipmi_sensor>
          <delay>300</delay>
          <history>60</history>
          <trends>365</trends>
          <status>0</status>
          <data_type>0</data_type>
          <units></units>
          <multiplier>0</multiplier>
          <delta>0</delta>
          <formula>0</formula>
          <lastlogsize>0</lastlogsize>
          <logtimefmt></logtimefmt>
          <delay_flex></delay_flex>
          <authtype>0</authtype>
          <username></username>
          <password></password>
          <publickey></publickey>
          <privatekey></privatekey>
          <params></params>
          <trapper_hosts>localhost</trapper_hosts>
          <snmp_community></snmp_community>
          <snmp_oid></snmp_oid>
          <snmp_port>161</snmp_port>
          <snmpv3_securityname></snmpv3_securityname>
          <snmpv3_securitylevel>0</snmpv3_securitylevel>
          <snmpv3_authpassphrase></snmpv3_authpassphrase>
          <snmpv3_privpassphrase></snmpv3_privpassphrase>
          <applications>
            <application>Adaptec RAID</application>
          </applications>
        </item>
        <item type="7" key="adpt.temp" value_type="3">
          <description>Temperature in Celsius</description>
          <ipmi_sensor></ipmi_sensor>
          <delay>300</delay>
          <history>60</history>
          <trends>365</trends>
          <status>0</status>
          <data_type>0</data_type>
          <units></units>
          <multiplier>0</multiplier>
          <delta>0</delta>
          <formula>0</formula>
          <lastlogsize>0</lastlogsize>
          <logtimefmt></logtimefmt>
          <delay_flex></delay_flex>
          <authtype>0</authtype>
          <username></username>
          <password></password>
          <publickey></publickey>
          <privatekey></privatekey>
          <params></params>
          <trapper_hosts>localhost</trapper_hosts>
          <snmp_community></snmp_community>
          <snmp_oid></snmp_oid>
          <snmp_port>161</snmp_port>
          <snmpv3_securityname></snmpv3_securityname>
          <snmpv3_securitylevel>0</snmpv3_securitylevel>
          <snmpv3_authpassphrase></snmpv3_authpassphrase>
          <snmpv3_privpassphrase></snmpv3_privpassphrase>
          <applications>
            <application>Adaptec RAID</application>
          </applications>
        </item>
        <item type="7" key="adpt.tribily.ver" value_type="0">
          <description>Version number Tribily Adaptec Monitoring Script</description>
          <ipmi_sensor></ipmi_sensor>
          <delay>300</delay>
          <history>60</history>
          <trends>365</trends>
          <status>0</status>
          <data_type>0</data_type>
          <units></units>
          <multiplier>0</multiplier>
          <delta>0</delta>
          <formula>0</formula>
          <lastlogsize>0</lastlogsize>
          <logtimefmt></logtimefmt>
          <delay_flex></delay_flex>
          <authtype>0</authtype>
          <username></username>
          <password></password>
          <publickey></publickey>
          <privatekey></privatekey>
          <params></params>
          <trapper_hosts>localhost</trapper_hosts>
          <snmp_community></snmp_community>
          <snmp_oid></snmp_oid>
          <snmp_port>161</snmp_port>
          <snmpv3_securityname></snmpv3_securityname>
          <snmpv3_securitylevel>0</snmpv3_securitylevel>
          <snmpv3_authpassphrase></snmpv3_authpassphrase>
          <snmpv3_privpassphrase></snmpv3_privpassphrase>
          <applications>
            <application>Adaptec RAID</application>
          </applications>
        </item>
      </items>
      <templates/>
      <graphs>
        <graph name="Adaptec Temperature" width="900" height="200">
          <ymin_type>1</ymin_type>
          <ymax_type>0</ymax_type>
          <ymin_item_key></ymin_item_key>
          <ymax_item_key></ymax_item_key>
          <show_work_period>0</show_work_period>
          <show_triggers>1</show_triggers>
          <graphtype>0</graphtype>
          <yaxismin>0.0000</yaxismin>
          <yaxismax>100.0000</yaxismax>
          <show_legend>0</show_legend>
          <show_3d>0</show_3d>
          <percent_left>0.0000</percent_left>
          <percent_right>0.0000</percent_right>
          <graph_elements>
            <graph_element item="Tpl_Tribily_HW_Adaptec_Extended_v1.0:adpt.temp">
              <drawtype>0</drawtype>
              <sortorder>0</sortorder>
              <color>009900</color>
              <yaxisside>0</yaxisside>
              <calc_fnc>2</calc_fnc>
              <type>0</type>
              <periods_cnt>5</periods_cnt>
            </graph_element>
          </graph_elements>
        </graph>
      </graphs>
      <macros/>
    </host>
  </hosts>
  <dependencies/>
</zabbix_export>
