<?xml version="1.0" encoding="UTF-8"?>
<zabbix_export version="1.0" date="17.04.12" time="15.42">
  <hosts>
    <host name="Tpl_Tribily_App_Asterisk_Extended_v1.0">
      <proxy_hostid>0</proxy_hostid>
      <useip>1</useip>
      <dns></dns>
      <ip>127.0.0.1</ip>
      <port>10050</port>
      <status>3</status>
      <useipmi>0</useipmi>
      <ipmi_ip>127.0.0.1</ipmi_ip>
      <ipmi_port>623</ipmi_port>
      <ipmi_authtype>0</ipmi_authtype>
      <ipmi_privilege>2</ipmi_privilege>
      <ipmi_username></ipmi_username>
      <ipmi_password></ipmi_password>
      <groups>
        <group>Templates</group>
      </groups>
      <triggers>
        <trigger>
          <description>INFO: Update required on Tribily Asterisk monitoring script</description>
          <type>0</type>
          <expression>{Tpl_Tribily_App_Asterisk_Extended_v1.0:ast.tribily.ver.last(0)}#1.0</expression>
          <url></url>
          <status>0</status>
          <priority>1</priority>
          <comments>There is a version mismatch between latest Tribily Asterisk monitoring script and the installed script on your server. This means there could be improvements or new features in the new script.&#13;
Please update your script from http://tribily.com/downloads/scripts/asterisk_status.sh</comments>
        </trigger>
        <trigger>
          <description>No New data received from Asterisk Server on {HOSTNAME} in last 10 minutes</description>
          <type>0</type>
          <expression>{Tpl_Tribily_App_Asterisk_Extended_v1.0:ast.tribily.ver.nodata(600)}=1</expression>
          <url></url>
          <status>0</status>
          <priority>4</priority>
          <comments>Monitoring script for Asterisk Server has failed to send data to the server over 10 minutes.&#13;
This means either the script was disabled or deleted or something is wrong with your server.</comments>
        </trigger>
        <trigger>
          <description>Fax Failure on {HOSTNAME}</description>
          <type>0</type>
          <expression>{Tpl_Tribily_App_Asterisk_Extended_v1.0:fax.fail.change(0)}&gt;0</expression>
          <url></url>
          <status>0</status>
          <priority>1</priority>
          <comments>The difference between last and current count of failed faxes has increased. &#13;
This indicates a problem with asterisk faxing mechanism.</comments>
        </trigger>
        <trigger>
          <description>Asterisk Server is down on {HOSTNAME}</description>
          <type>0</type>
          <expression>{Tpl_Tribily_App_Asterisk_Extended_v1.0:proc.num[asterisk].last(0)}=0</expression>
          <url></url>
          <status>0</status>
          <priority>4</priority>
          <comments>The number of processes named 'asterisk' that is running is currently 0. &#13;
This indicates there's a problem with asterisk.</comments>
        </trigger>
      </triggers>
      <items>
        <item type="7" key="ast.activecalls" value_type="3">
          <description>Active Calls</description>
          <ipmi_sensor></ipmi_sensor>
          <delay>300</delay>
          <history>60</history>
          <trends>365</trends>
          <status>1</status>
          <data_type>0</data_type>
          <units></units>
          <multiplier>0</multiplier>
          <delta>0</delta>
          <formula>0</formula>
          <lastlogsize>0</lastlogsize>
          <logtimefmt></logtimefmt>
          <delay_flex></delay_flex>
          <authtype>0</authtype>
          <username></username>
          <password></password>
          <publickey></publickey>
          <privatekey></privatekey>
          <params></params>
          <trapper_hosts>localhost</trapper_hosts>
          <snmp_community></snmp_community>
          <snmp_oid></snmp_oid>
          <snmp_port>161</snmp_port>
          <snmpv3_securityname></snmpv3_securityname>
          <snmpv3_securitylevel>0</snmpv3_securitylevel>
          <snmpv3_authpassphrase></snmpv3_authpassphrase>
          <snmpv3_privpassphrase></snmpv3_privpassphrase>
          <applications>
            <application>Asterisk</application>
          </applications>
        </item>
        <item type="7" key="ast.callsdone" value_type="3">
          <description>Calls Processed</description>
          <ipmi_sensor></ipmi_sensor>
          <delay>300</delay>
          <history>60</history>
          <trends>365</trends>
          <status>0</status>
          <data_type>0</data_type>
          <units></units>
          <multiplier>0</multiplier>
          <delta>0</delta>
          <formula>0</formula>
          <lastlogsize>0</lastlogsize>
          <logtimefmt></logtimefmt>
          <delay_flex></delay_flex>
          <authtype>0</authtype>
          <username></username>
          <password></password>
          <publickey></publickey>
          <privatekey></privatekey>
          <params></params>
          <trapper_hosts>localhost</trapper_hosts>
          <snmp_community></snmp_community>
          <snmp_oid></snmp_oid>
          <snmp_port>161</snmp_port>
          <snmpv3_securityname></snmpv3_securityname>
          <snmpv3_securitylevel>0</snmpv3_securitylevel>
          <snmpv3_authpassphrase></snmpv3_authpassphrase>
          <snmpv3_privpassphrase></snmpv3_privpassphrase>
          <applications>
            <application>Asterisk</application>
          </applications>
        </item>
        <item type="7" key="ast.parkedcalls" value_type="3">
          <description>Parked Calls</description>
          <ipmi_sensor></ipmi_sensor>
          <delay>300</delay>
          <history>60</history>
          <trends>365</trends>
          <status>0</status>
          <data_type>0</data_type>
          <units></units>
          <multiplier>0</multiplier>
          <delta>0</delta>
          <formula>0</formula>
          <lastlogsize>0</lastlogsize>
          <logtimefmt></logtimefmt>
          <delay_flex></delay_flex>
          <authtype>0</authtype>
          <username></username>
          <password></password>
          <publickey></publickey>
          <privatekey></privatekey>
          <params></params>
          <trapper_hosts>localhost</trapper_hosts>
          <snmp_community></snmp_community>
          <snmp_oid></snmp_oid>
          <snmp_port>161</snmp_port>
          <snmpv3_securityname></snmpv3_securityname>
          <snmpv3_securitylevel>0</snmpv3_securitylevel>
          <snmpv3_authpassphrase></snmpv3_authpassphrase>
          <snmpv3_privpassphrase></snmpv3_privpassphrase>
          <applications>
            <application>Asterisk</application>
          </applications>
        </item>
        <item type="7" key="ast.pid" value_type="3">
          <description>PID of Asterisk process</description>
          <ipmi_sensor></ipmi_sensor>
          <delay>300</delay>
          <history>60</history>
          <trends>365</trends>
          <status>0</status>
          <data_type>0</data_type>
          <units></units>
          <multiplier>0</multiplier>
          <delta>0</delta>
          <formula>0</formula>
          <lastlogsize>0</lastlogsize>
          <logtimefmt></logtimefmt>
          <delay_flex></delay_flex>
          <authtype>0</authtype>
          <username></username>
          <password></password>
          <publickey></publickey>
          <privatekey></privatekey>
          <params></params>
          <trapper_hosts>localhost</trapper_hosts>
          <snmp_community></snmp_community>
          <snmp_oid></snmp_oid>
          <snmp_port>161</snmp_port>
          <snmpv3_securityname></snmpv3_securityname>
          <snmpv3_securitylevel>0</snmpv3_securitylevel>
          <snmpv3_authpassphrase></snmpv3_authpassphrase>
          <snmpv3_privpassphrase></snmpv3_privpassphrase>
          <applications>
            <application>Asterisk</application>
          </applications>
        </item>
        <item type="7" key="ast.reloadtime" value_type="4">
          <description>Time since last Asterisk Reload</description>
          <ipmi_sensor></ipmi_sensor>
          <delay>300</delay>
          <history>60</history>
          <trends>365</trends>
          <status>0</status>
          <data_type>0</data_type>
          <units></units>
          <multiplier>0</multiplier>
          <delta>0</delta>
          <formula>0</formula>
          <lastlogsize>0</lastlogsize>
          <logtimefmt></logtimefmt>
          <delay_flex></delay_flex>
          <authtype>0</authtype>
          <username></username>
          <password></password>
          <publickey></publickey>
          <privatekey></privatekey>
          <params></params>
          <trapper_hosts>localhost</trapper_hosts>
          <snmp_community></snmp_community>
          <snmp_oid></snmp_oid>
          <snmp_port>161</snmp_port>
          <snmpv3_securityname></snmpv3_securityname>
          <snmpv3_securitylevel>0</snmpv3_securitylevel>
          <snmpv3_authpassphrase></snmpv3_authpassphrase>
          <snmpv3_privpassphrase></snmpv3_privpassphrase>
          <applications>
            <application>Asterisk</application>
          </applications>
        </item>
        <item type="7" key="ast.tribily.ver" value_type="0">
          <description>Tribily Asterisk Monitoring Script Version</description>
          <ipmi_sensor></ipmi_sensor>
          <delay>300</delay>
          <history>60</history>
          <trends>365</trends>
          <status>0</status>
          <data_type>0</data_type>
          <units></units>
          <multiplier>0</multiplier>
          <delta>0</delta>
          <formula>0</formula>
          <lastlogsize>0</lastlogsize>
          <logtimefmt></logtimefmt>
          <delay_flex></delay_flex>
          <authtype>0</authtype>
          <username></username>
          <password></password>
          <publickey></publickey>
          <privatekey></privatekey>
          <params></params>
          <trapper_hosts>localhost</trapper_hosts>
          <snmp_community></snmp_community>
          <snmp_oid></snmp_oid>
          <snmp_port>161</snmp_port>
          <snmpv3_securityname></snmpv3_securityname>
          <snmpv3_securitylevel>0</snmpv3_securitylevel>
          <snmpv3_authpassphrase></snmpv3_authpassphrase>
          <snmpv3_privpassphrase></snmpv3_privpassphrase>
          <applications>
            <application>Asterisk</application>
          </applications>
        </item>
        <item type="7" key="ast.uptime" value_type="4">
          <description>Asterisk Server Uptime</description>
          <ipmi_sensor></ipmi_sensor>
          <delay>300</delay>
          <history>60</history>
          <trends>365</trends>
          <status>0</status>
          <data_type>0</data_type>
          <units></units>
          <multiplier>0</multiplier>
          <delta>0</delta>
          <formula>0</formula>
          <lastlogsize>0</lastlogsize>
          <logtimefmt></logtimefmt>
          <delay_flex></delay_flex>
          <authtype>0</authtype>
          <username></username>
          <password></password>
          <publickey></publickey>
          <privatekey></privatekey>
          <params></params>
          <trapper_hosts>localhost</trapper_hosts>
          <snmp_community></snmp_community>
          <snmp_oid></snmp_oid>
          <snmp_port>161</snmp_port>
          <snmpv3_securityname></snmpv3_securityname>
          <snmpv3_securitylevel>0</snmpv3_securitylevel>
          <snmpv3_authpassphrase></snmpv3_authpassphrase>
          <snmpv3_privpassphrase></snmpv3_privpassphrase>
          <applications>
            <application>Asterisk</application>
          </applications>
        </item>
        <item type="7" key="ast.version" value_type="4">
          <description>Asterisk Version</description>
          <ipmi_sensor></ipmi_sensor>
          <delay>300</delay>
          <history>60</history>
          <trends>365</trends>
          <status>0</status>
          <data_type>0</data_type>
          <units></units>
          <multiplier>0</multiplier>
          <delta>0</delta>
          <formula>0</formula>
          <lastlogsize>0</lastlogsize>
          <logtimefmt></logtimefmt>
          <delay_flex></delay_flex>
          <authtype>0</authtype>
          <username></username>
          <password></password>
          <publickey></publickey>
          <privatekey></privatekey>
          <params></params>
          <trapper_hosts>localhost</trapper_hosts>
          <snmp_community></snmp_community>
          <snmp_oid></snmp_oid>
          <snmp_port>161</snmp_port>
          <snmpv3_securityname></snmpv3_securityname>
          <snmpv3_securitylevel>0</snmpv3_securitylevel>
          <snmpv3_authpassphrase></snmpv3_authpassphrase>
          <snmpv3_privpassphrase></snmpv3_privpassphrase>
          <applications>
            <application>Asterisk</application>
          </applications>
        </item>
        <item type="7" key="dns.entries" value_type="3">
          <description>Asterisk DNS entries count</description>
          <ipmi_sensor></ipmi_sensor>
          <delay>300</delay>
          <history>60</history>
          <trends>365</trends>
          <status>0</status>
          <data_type>0</data_type>
          <units></units>
          <multiplier>0</multiplier>
          <delta>0</delta>
          <formula>0</formula>
          <lastlogsize>0</lastlogsize>
          <logtimefmt></logtimefmt>
          <delay_flex></delay_flex>
          <authtype>0</authtype>
          <username></username>
          <password></password>
          <publickey></publickey>
          <privatekey></privatekey>
          <params></params>
          <trapper_hosts>localhost</trapper_hosts>
          <snmp_community></snmp_community>
          <snmp_oid></snmp_oid>
          <snmp_port>161</snmp_port>
          <snmpv3_securityname></snmpv3_securityname>
          <snmpv3_securitylevel>0</snmpv3_securitylevel>
          <snmpv3_authpassphrase></snmpv3_authpassphrase>
          <snmpv3_privpassphrase></snmpv3_privpassphrase>
          <applications>
            <application>Asterisk</application>
          </applications>
        </item>
        <item type="7" key="dns.status" value_type="4">
          <description>Asterisk DNS manager status</description>
          <ipmi_sensor></ipmi_sensor>
          <delay>300</delay>
          <history>60</history>
          <trends>365</trends>
          <status>0</status>
          <data_type>0</data_type>
          <units></units>
          <multiplier>0</multiplier>
          <delta>0</delta>
          <formula>0</formula>
          <lastlogsize>0</lastlogsize>
          <logtimefmt></logtimefmt>
          <delay_flex></delay_flex>
          <authtype>0</authtype>
          <username></username>
          <password></password>
          <publickey></publickey>
          <privatekey></privatekey>
          <params></params>
          <trapper_hosts>localhost</trapper_hosts>
          <snmp_community></snmp_community>
          <snmp_oid></snmp_oid>
          <snmp_port>161</snmp_port>
          <snmpv3_securityname></snmpv3_securityname>
          <snmpv3_securitylevel>0</snmpv3_securitylevel>
          <snmpv3_authpassphrase></snmpv3_authpassphrase>
          <snmpv3_privpassphrase></snmpv3_privpassphrase>
          <applications>
            <application>Asterisk</application>
          </applications>
        </item>
        <item type="7" key="fax.done" value_type="3">
          <description>FAX Completed</description>
          <ipmi_sensor></ipmi_sensor>
          <delay>300</delay>
          <history>60</history>
          <trends>365</trends>
          <status>0</status>
          <data_type>0</data_type>
          <units></units>
          <multiplier>0</multiplier>
          <delta>0</delta>
          <formula>0</formula>
          <lastlogsize>0</lastlogsize>
          <logtimefmt></logtimefmt>
          <delay_flex></delay_flex>
          <authtype>0</authtype>
          <username></username>
          <password></password>
          <publickey></publickey>
          <privatekey></privatekey>
          <params></params>
          <trapper_hosts>localhost</trapper_hosts>
          <snmp_community></snmp_community>
          <snmp_oid></snmp_oid>
          <snmp_port>161</snmp_port>
          <snmpv3_securityname></snmpv3_securityname>
          <snmpv3_securitylevel>0</snmpv3_securitylevel>
          <snmpv3_authpassphrase></snmpv3_authpassphrase>
          <snmpv3_privpassphrase></snmpv3_privpassphrase>
          <applications>
            <application>Asterisk</application>
          </applications>
        </item>
        <item type="7" key="fax.fail" value_type="3">
          <description>FAX Failed</description>
          <ipmi_sensor></ipmi_sensor>
          <delay>300</delay>
          <history>60</history>
          <trends>365</trends>
          <status>0</status>
          <data_type>0</data_type>
          <units></units>
          <multiplier>0</multiplier>
          <delta>0</delta>
          <formula>0</formula>
          <lastlogsize>0</lastlogsize>
          <logtimefmt></logtimefmt>
          <delay_flex></delay_flex>
          <authtype>0</authtype>
          <username></username>
          <password></password>
          <publickey></publickey>
          <privatekey></privatekey>
          <params></params>
          <trapper_hosts>localhost</trapper_hosts>
          <snmp_community></snmp_community>
          <snmp_oid></snmp_oid>
          <snmp_port>161</snmp_port>
          <snmpv3_securityname></snmpv3_securityname>
          <snmpv3_securitylevel>0</snmpv3_securitylevel>
          <snmpv3_authpassphrase></snmpv3_authpassphrase>
          <snmpv3_privpassphrase></snmpv3_privpassphrase>
          <applications>
            <application>Asterisk</application>
          </applications>
        </item>
        <item type="7" key="fax.receive" value_type="3">
          <description>FAX Receive Attempts</description>
          <ipmi_sensor></ipmi_sensor>
          <delay>300</delay>
          <history>60</history>
          <trends>365</trends>
          <status>0</status>
          <data_type>0</data_type>
          <units></units>
          <multiplier>0</multiplier>
          <delta>0</delta>
          <formula>0</formula>
          <lastlogsize>0</lastlogsize>
          <logtimefmt></logtimefmt>
          <delay_flex></delay_flex>
          <authtype>0</authtype>
          <username></username>
          <password></password>
          <publickey></publickey>
          <privatekey></privatekey>
          <params></params>
          <trapper_hosts>localhost</trapper_hosts>
          <snmp_community></snmp_community>
          <snmp_oid></snmp_oid>
          <snmp_port>161</snmp_port>
          <snmpv3_securityname></snmpv3_securityname>
          <snmpv3_securitylevel>0</snmpv3_securitylevel>
          <snmpv3_authpassphrase></snmpv3_authpassphrase>
          <snmpv3_privpassphrase></snmpv3_privpassphrase>
          <applications>
            <application>Asterisk</application>
          </applications>
        </item>
        <item type="7" key="fax.sessions" value_type="3">
          <description>FAX Current sessions</description>
          <ipmi_sensor></ipmi_sensor>
          <delay>300</delay>
          <history>60</history>
          <trends>365</trends>
          <status>0</status>
          <data_type>0</data_type>
          <units></units>
          <multiplier>0</multiplier>
          <delta>0</delta>
          <formula>0</formula>
          <lastlogsize>0</lastlogsize>
          <logtimefmt></logtimefmt>
          <delay_flex></delay_flex>
          <authtype>0</authtype>
          <username></username>
          <password></password>
          <publickey></publickey>
          <privatekey></privatekey>
          <params></params>
          <trapper_hosts>localhost</trapper_hosts>
          <snmp_community></snmp_community>
          <snmp_oid></snmp_oid>
          <snmp_port>161</snmp_port>
          <snmpv3_securityname></snmpv3_securityname>
          <snmpv3_securitylevel>0</snmpv3_securitylevel>
          <snmpv3_authpassphrase></snmpv3_authpassphrase>
          <snmpv3_privpassphrase></snmpv3_privpassphrase>
          <applications>
            <application>Asterisk</application>
          </applications>
        </item>
        <item type="7" key="fax.transmits" value_type="3">
          <description>FAX Transmit Attempts</description>
          <ipmi_sensor></ipmi_sensor>
          <delay>300</delay>
          <history>60</history>
          <trends>365</trends>
          <status>0</status>
          <data_type>0</data_type>
          <units></units>
          <multiplier>0</multiplier>
          <delta>0</delta>
          <formula>0</formula>
          <lastlogsize>0</lastlogsize>
          <logtimefmt></logtimefmt>
          <delay_flex></delay_flex>
          <authtype>0</authtype>
          <username></username>
          <password></password>
          <publickey></publickey>
          <privatekey></privatekey>
          <params></params>
          <trapper_hosts>localhost</trapper_hosts>
          <snmp_community></snmp_community>
          <snmp_oid></snmp_oid>
          <snmp_port>161</snmp_port>
          <snmpv3_securityname></snmpv3_securityname>
          <snmpv3_securitylevel>0</snmpv3_securitylevel>
          <snmpv3_authpassphrase></snmpv3_authpassphrase>
          <snmpv3_privpassphrase></snmpv3_privpassphrase>
          <applications>
            <application>Asterisk</application>
          </applications>
        </item>
        <item type="7" key="iax.channels" value_type="3">
          <description>InterAsteriskXchange Active Channels</description>
          <ipmi_sensor></ipmi_sensor>
          <delay>300</delay>
          <history>60</history>
          <trends>365</trends>
          <status>0</status>
          <data_type>0</data_type>
          <units></units>
          <multiplier>0</multiplier>
          <delta>0</delta>
          <formula>0</formula>
          <lastlogsize>0</lastlogsize>
          <logtimefmt></logtimefmt>
          <delay_flex></delay_flex>
          <authtype>0</authtype>
          <username></username>
          <password></password>
          <publickey></publickey>
          <privatekey></privatekey>
          <params></params>
          <trapper_hosts>localhost</trapper_hosts>
          <snmp_community></snmp_community>
          <snmp_oid></snmp_oid>
          <snmp_port>161</snmp_port>
          <snmpv3_securityname></snmpv3_securityname>
          <snmpv3_securitylevel>0</snmpv3_securitylevel>
          <snmpv3_authpassphrase></snmpv3_authpassphrase>
          <snmpv3_privpassphrase></snmpv3_privpassphrase>
          <applications>
            <application>Asterisk</application>
          </applications>
        </item>
        <item type="7" key="iax.status" value_type="3">
          <description>InterAsteriskXchange Registrations</description>
          <ipmi_sensor></ipmi_sensor>
          <delay>300</delay>
          <history>60</history>
          <trends>365</trends>
          <status>0</status>
          <data_type>0</data_type>
          <units></units>
          <multiplier>0</multiplier>
          <delta>0</delta>
          <formula>0</formula>
          <lastlogsize>0</lastlogsize>
          <logtimefmt></logtimefmt>
          <delay_flex></delay_flex>
          <authtype>0</authtype>
          <username></username>
          <password></password>
          <publickey></publickey>
          <privatekey></privatekey>
          <params></params>
          <trapper_hosts>localhost</trapper_hosts>
          <snmp_community></snmp_community>
          <snmp_oid></snmp_oid>
          <snmp_port>161</snmp_port>
          <snmpv3_securityname></snmpv3_securityname>
          <snmpv3_securitylevel>0</snmpv3_securitylevel>
          <snmpv3_authpassphrase></snmpv3_authpassphrase>
          <snmpv3_privpassphrase></snmpv3_privpassphrase>
          <applications>
            <application>Asterisk</application>
          </applications>
        </item>
        <item type="7" key="proc.mem[asterisk]" value_type="3">
          <description>Used memory of $1</description>
          <ipmi_sensor></ipmi_sensor>
          <delay>300</delay>
          <history>60</history>
          <trends>365</trends>
          <status>0</status>
          <data_type>0</data_type>
          <units>B</units>
          <multiplier>0</multiplier>
          <delta>0</delta>
          <formula>0</formula>
          <lastlogsize>0</lastlogsize>
          <logtimefmt></logtimefmt>
          <delay_flex></delay_flex>
          <authtype>0</authtype>
          <username></username>
          <password></password>
          <publickey></publickey>
          <privatekey></privatekey>
          <params></params>
          <trapper_hosts>localhost</trapper_hosts>
          <snmp_community></snmp_community>
          <snmp_oid></snmp_oid>
          <snmp_port>161</snmp_port>
          <snmpv3_securityname></snmpv3_securityname>
          <snmpv3_securitylevel>0</snmpv3_securitylevel>
          <snmpv3_authpassphrase></snmpv3_authpassphrase>
          <snmpv3_privpassphrase></snmpv3_privpassphrase>
          <applications/>
        </item>
        <item type="7" key="proc.num[asterisk]" value_type="3">
          <description>Number of running processes $1</description>
          <ipmi_sensor></ipmi_sensor>
          <delay>300</delay>
          <history>60</history>
          <trends>365</trends>
          <status>0</status>
          <data_type>0</data_type>
          <units></units>
          <multiplier>0</multiplier>
          <delta>0</delta>
          <formula>0</formula>
          <lastlogsize>0</lastlogsize>
          <logtimefmt></logtimefmt>
          <delay_flex></delay_flex>
          <authtype>0</authtype>
          <username></username>
          <password></password>
          <publickey></publickey>
          <privatekey></privatekey>
          <params></params>
          <trapper_hosts>localhost</trapper_hosts>
          <snmp_community></snmp_community>
          <snmp_oid></snmp_oid>
          <snmp_port>161</snmp_port>
          <snmpv3_securityname></snmpv3_securityname>
          <snmpv3_securitylevel>0</snmpv3_securitylevel>
          <snmpv3_authpassphrase></snmpv3_authpassphrase>
          <snmpv3_privpassphrase></snmpv3_privpassphrase>
          <applications>
            <application>Asterisk</application>
          </applications>
        </item>
        <item type="7" key="sip.peers" value_type="3">
          <description>SIP Total Peers</description>
          <ipmi_sensor></ipmi_sensor>
          <delay>300</delay>
          <history>60</history>
          <trends>365</trends>
          <status>0</status>
          <data_type>0</data_type>
          <units></units>
          <multiplier>0</multiplier>
          <delta>0</delta>
          <formula>0</formula>
          <lastlogsize>0</lastlogsize>
          <logtimefmt></logtimefmt>
          <delay_flex></delay_flex>
          <authtype>0</authtype>
          <username></username>
          <password></password>
          <publickey></publickey>
          <privatekey></privatekey>
          <params></params>
          <trapper_hosts>localhost</trapper_hosts>
          <snmp_community></snmp_community>
          <snmp_oid></snmp_oid>
          <snmp_port>161</snmp_port>
          <snmpv3_securityname></snmpv3_securityname>
          <snmpv3_securitylevel>0</snmpv3_securitylevel>
          <snmpv3_authpassphrase></snmpv3_authpassphrase>
          <snmpv3_privpassphrase></snmpv3_privpassphrase>
          <applications>
            <application>Asterisk</application>
          </applications>
        </item>
        <item type="7" key="sip.peersoffline" value_type="3">
          <description>SIP Offline Peers</description>
          <ipmi_sensor></ipmi_sensor>
          <delay>300</delay>
          <history>60</history>
          <trends>365</trends>
          <status>0</status>
          <data_type>0</data_type>
          <units></units>
          <multiplier>0</multiplier>
          <delta>0</delta>
          <formula>0</formula>
          <lastlogsize>0</lastlogsize>
          <logtimefmt></logtimefmt>
          <delay_flex></delay_flex>
          <authtype>0</authtype>
          <username></username>
          <password></password>
          <publickey></publickey>
          <privatekey></privatekey>
          <params></params>
          <trapper_hosts>localhost</trapper_hosts>
          <snmp_community></snmp_community>
          <snmp_oid></snmp_oid>
          <snmp_port>161</snmp_port>
          <snmpv3_securityname></snmpv3_securityname>
          <snmpv3_securitylevel>0</snmpv3_securitylevel>
          <snmpv3_authpassphrase></snmpv3_authpassphrase>
          <snmpv3_privpassphrase></snmpv3_privpassphrase>
          <applications>
            <application>Asterisk</application>
          </applications>
        </item>
        <item type="7" key="sip.peersonline" value_type="3">
          <description>SIP Online Peers</description>
          <ipmi_sensor></ipmi_sensor>
          <delay>300</delay>
          <history>60</history>
          <trends>365</trends>
          <status>0</status>
          <data_type>0</data_type>
          <units></units>
          <multiplier>0</multiplier>
          <delta>0</delta>
          <formula>0</formula>
          <lastlogsize>0</lastlogsize>
          <logtimefmt></logtimefmt>
          <delay_flex></delay_flex>
          <authtype>0</authtype>
          <username></username>
          <password></password>
          <publickey></publickey>
          <privatekey></privatekey>
          <params></params>
          <trapper_hosts>localhost</trapper_hosts>
          <snmp_community></snmp_community>
          <snmp_oid></snmp_oid>
          <snmp_port>161</snmp_port>
          <snmpv3_securityname></snmpv3_securityname>
          <snmpv3_securitylevel>0</snmpv3_securitylevel>
          <snmpv3_authpassphrase></snmpv3_authpassphrase>
          <snmpv3_privpassphrase></snmpv3_privpassphrase>
          <applications>
            <application>Asterisk</application>
          </applications>
        </item>
        <item type="7" key="sip.status" value_type="3">
          <description>SIP Registrations</description>
          <ipmi_sensor></ipmi_sensor>
          <delay>300</delay>
          <history>60</history>
          <trends>365</trends>
          <status>0</status>
          <data_type>0</data_type>
          <units></units>
          <multiplier>0</multiplier>
          <delta>0</delta>
          <formula>0</formula>
          <lastlogsize>0</lastlogsize>
          <logtimefmt></logtimefmt>
          <delay_flex></delay_flex>
          <authtype>0</authtype>
          <username></username>
          <password></password>
          <publickey></publickey>
          <privatekey></privatekey>
          <params></params>
          <trapper_hosts>localhost</trapper_hosts>
          <snmp_community></snmp_community>
          <snmp_oid></snmp_oid>
          <snmp_port>161</snmp_port>
          <snmpv3_securityname></snmpv3_securityname>
          <snmpv3_securitylevel>0</snmpv3_securitylevel>
          <snmpv3_authpassphrase></snmpv3_authpassphrase>
          <snmpv3_privpassphrase></snmpv3_privpassphrase>
          <applications>
            <application>Asterisk</application>
          </applications>
        </item>
      </items>
      <templates/>
      <graphs>
        <graph name="Asterisk Call Statistics" width="900" height="200">
          <ymin_type>0</ymin_type>
          <ymax_type>0</ymax_type>
          <ymin_item_key></ymin_item_key>
          <ymax_item_key></ymax_item_key>
          <show_work_period>0</show_work_period>
          <show_triggers>0</show_triggers>
          <graphtype>0</graphtype>
          <yaxismin>0.0000</yaxismin>
          <yaxismax>100.0000</yaxismax>
          <show_legend>0</show_legend>
          <show_3d>0</show_3d>
          <percent_left>0.0000</percent_left>
          <percent_right>0.0000</percent_right>
          <graph_elements>
            <graph_element item="Tpl_Tribily_App_Asterisk_Extended_v1.0:ast.activecalls">
              <drawtype>2</drawtype>
              <sortorder>0</sortorder>
              <color>009900</color>
              <yaxisside>0</yaxisside>
              <calc_fnc>2</calc_fnc>
              <type>0</type>
              <periods_cnt>5</periods_cnt>
            </graph_element>
            <graph_element item="Tpl_Tribily_App_Asterisk_Extended_v1.0:ast.parkedcalls">
              <drawtype>2</drawtype>
              <sortorder>0</sortorder>
              <color>AA00AA</color>
              <yaxisside>0</yaxisside>
              <calc_fnc>2</calc_fnc>
              <type>0</type>
              <periods_cnt>5</periods_cnt>
            </graph_element>
            <graph_element item="Tpl_Tribily_App_Asterisk_Extended_v1.0:ast.callsdone">
              <drawtype>2</drawtype>
              <sortorder>1</sortorder>
              <color>888888</color>
              <yaxisside>0</yaxisside>
              <calc_fnc>2</calc_fnc>
              <type>0</type>
              <periods_cnt>5</periods_cnt>
            </graph_element>
          </graph_elements>
        </graph>
        <graph name="Asterisk FAX Statistics" width="900" height="200">
          <ymin_type>0</ymin_type>
          <ymax_type>0</ymax_type>
          <ymin_item_key></ymin_item_key>
          <ymax_item_key></ymax_item_key>
          <show_work_period>0</show_work_period>
          <show_triggers>0</show_triggers>
          <graphtype>0</graphtype>
          <yaxismin>0.0000</yaxismin>
          <yaxismax>100.0000</yaxismax>
          <show_legend>0</show_legend>
          <show_3d>0</show_3d>
          <percent_left>0.0000</percent_left>
          <percent_right>0.0000</percent_right>
          <graph_elements>
            <graph_element item="Tpl_Tribily_App_Asterisk_Extended_v1.0:fax.done">
              <drawtype>2</drawtype>
              <sortorder>0</sortorder>
              <color>009900</color>
              <yaxisside>0</yaxisside>
              <calc_fnc>2</calc_fnc>
              <type>0</type>
              <periods_cnt>5</periods_cnt>
            </graph_element>
            <graph_element item="Tpl_Tribily_App_Asterisk_Extended_v1.0:fax.receive">
              <drawtype>2</drawtype>
              <sortorder>1</sortorder>
              <color>009999</color>
              <yaxisside>0</yaxisside>
              <calc_fnc>2</calc_fnc>
              <type>0</type>
              <periods_cnt>5</periods_cnt>
            </graph_element>
            <graph_element item="Tpl_Tribily_App_Asterisk_Extended_v1.0:fax.transmits">
              <drawtype>2</drawtype>
              <sortorder>1</sortorder>
              <color>666600</color>
              <yaxisside>0</yaxisside>
              <calc_fnc>2</calc_fnc>
              <type>0</type>
              <periods_cnt>5</periods_cnt>
            </graph_element>
            <graph_element item="Tpl_Tribily_App_Asterisk_Extended_v1.0:fax.fail">
              <drawtype>2</drawtype>
              <sortorder>2</sortorder>
              <color>EE0000</color>
              <yaxisside>0</yaxisside>
              <calc_fnc>2</calc_fnc>
              <type>0</type>
              <periods_cnt>5</periods_cnt>
            </graph_element>
            <graph_element item="Tpl_Tribily_App_Asterisk_Extended_v1.0:fax.sessions">
              <drawtype>2</drawtype>
              <sortorder>3</sortorder>
              <color>0000EE</color>
              <yaxisside>0</yaxisside>
              <calc_fnc>2</calc_fnc>
              <type>0</type>
              <periods_cnt>5</periods_cnt>
            </graph_element>
          </graph_elements>
        </graph>
        <graph name="Asterisk SIP Statistics" width="900" height="200">
          <ymin_type>0</ymin_type>
          <ymax_type>0</ymax_type>
          <ymin_item_key></ymin_item_key>
          <ymax_item_key></ymax_item_key>
          <show_work_period>0</show_work_period>
          <show_triggers>0</show_triggers>
          <graphtype>0</graphtype>
          <yaxismin>0.0000</yaxismin>
          <yaxismax>100.0000</yaxismax>
          <show_legend>0</show_legend>
          <show_3d>0</show_3d>
          <percent_left>0.0000</percent_left>
          <percent_right>0.0000</percent_right>
          <graph_elements>
            <graph_element item="Tpl_Tribily_App_Asterisk_Extended_v1.0:sip.peers">
              <drawtype>2</drawtype>
              <sortorder>0</sortorder>
              <color>888888</color>
              <yaxisside>0</yaxisside>
              <calc_fnc>2</calc_fnc>
              <type>0</type>
              <periods_cnt>5</periods_cnt>
            </graph_element>
            <graph_element item="Tpl_Tribily_App_Asterisk_Extended_v1.0:sip.peersoffline">
              <drawtype>2</drawtype>
              <sortorder>1</sortorder>
              <color>EE0000</color>
              <yaxisside>0</yaxisside>
              <calc_fnc>2</calc_fnc>
              <type>0</type>
              <periods_cnt>5</periods_cnt>
            </graph_element>
            <graph_element item="Tpl_Tribily_App_Asterisk_Extended_v1.0:sip.peersonline">
              <drawtype>2</drawtype>
              <sortorder>1</sortorder>
              <color>009900</color>
              <yaxisside>0</yaxisside>
              <calc_fnc>2</calc_fnc>
              <type>0</type>
              <periods_cnt>5</periods_cnt>
            </graph_element>
            <graph_element item="Tpl_Tribily_App_Asterisk_Extended_v1.0:sip.status">
              <drawtype>2</drawtype>
              <sortorder>2</sortorder>
              <color>0000CC</color>
              <yaxisside>0</yaxisside>
              <calc_fnc>2</calc_fnc>
              <type>0</type>
              <periods_cnt>5</periods_cnt>
            </graph_element>
          </graph_elements>
        </graph>
      </graphs>
      <macros/>
    </host>
  </hosts>
  <dependencies/>
</zabbix_export>
