<?xml version="1.0" encoding="UTF-8"?>
<zabbix_export version="1.0" date="07.05.12" time="10.50">
  <hosts>
    <host name="Tpl_Tribily_App_Memcached_Extended_v1.0">
      <proxy_hostid>0</proxy_hostid>
      <useip>1</useip>
      <dns></dns>
      <ip>127.0.0.1</ip>
      <port>10050</port>
      <status>3</status>
      <useipmi>0</useipmi>
      <ipmi_ip>127.0.0.1</ipmi_ip>
      <ipmi_port>623</ipmi_port>
      <ipmi_authtype>0</ipmi_authtype>
      <ipmi_privilege>2</ipmi_privilege>
      <ipmi_username></ipmi_username>
      <ipmi_password></ipmi_password>
      <groups>
        <group>Templates</group>
      </groups>
      <triggers>
        <trigger>
          <description>INFO: Update required on Tribily Memcached monitoring script</description>
          <type>0</type>
          <expression>{Tpl_Tribily_App_Memcached_Extended_v1.0:memchd.tribily.ver.last(0)}#1.0</expression>
          <url></url>
          <status>0</status>
          <priority>1</priority>
          <comments>There is a version mismatch between latest Tribily Memcached monitoring script and the installed script on your server. This means there could be improvements or new features in the new script.&#13;
Please update your script from http://tribily.com/downloads/scripts/memcached_status.sh</comments>
        </trigger>
        <trigger>
          <description>No New data received from Memcached Server on {HOSTNAME} in last 5 minutes</description>
          <type>0</type>
          <expression>{Tpl_Tribily_App_Memcached_Extended_v1.0:memchd.tribily.ver.nodata(300)}=1</expression>
          <url></url>
          <status>0</status>
          <priority>4</priority>
          <comments>Monitoring script for Memcached Server has failed to send data to the server over 5 minutes.&#13;
This means either the script was disabled/outdated or deleted or something is wrong with your server.&#13;
&#13;
Please update your script from http://tribily.com/downloads/scripts/memcached_status.sh</comments>
        </trigger>
        <trigger>
          <description>Memcached Service is Down on {HOSTNAME}</description>
          <type>0</type>
          <expression>{Tpl_Tribily_App_Memcached_Extended_v1.0:net.tcp.service[tcp,,11211].last(0)}#1</expression>
          <url></url>
          <status>0</status>
          <priority>4</priority>
          <comments>No Service is listening on port 11211. This indicates that your Memcached server might have crashed or has been shutdown.</comments>
        </trigger>
      </triggers>
      <items>
        <item type="7" key="memchd.bytes" value_type="3">
          <description>Current bytes being used to store items</description>
          <ipmi_sensor></ipmi_sensor>
          <delay>300</delay>
          <history>60</history>
          <trends>365</trends>
          <status>0</status>
          <data_type>0</data_type>
          <units>B</units>
          <multiplier>0</multiplier>
          <delta>0</delta>
          <formula>1</formula>
          <lastlogsize>0</lastlogsize>
          <logtimefmt></logtimefmt>
          <delay_flex></delay_flex>
          <authtype>0</authtype>
          <username></username>
          <password></password>
          <publickey></publickey>
          <privatekey></privatekey>
          <params></params>
          <trapper_hosts></trapper_hosts>
          <snmp_community></snmp_community>
          <snmp_oid></snmp_oid>
          <snmp_port>161</snmp_port>
          <snmpv3_securityname></snmpv3_securityname>
          <snmpv3_securitylevel>0</snmpv3_securitylevel>
          <snmpv3_authpassphrase></snmpv3_authpassphrase>
          <snmpv3_privpassphrase></snmpv3_privpassphrase>
          <applications>
            <application>Memcached</application>
          </applications>
        </item>
        <item type="7" key="memchd.bytes_read" value_type="3">
          <description>Bytes Read by Memcache server per second</description>
          <ipmi_sensor></ipmi_sensor>
          <delay>300</delay>
          <history>60</history>
          <trends>365</trends>
          <status>0</status>
          <data_type>0</data_type>
          <units>B</units>
          <multiplier>0</multiplier>
          <delta>0</delta>
          <formula>1</formula>
          <lastlogsize>0</lastlogsize>
          <logtimefmt></logtimefmt>
          <delay_flex></delay_flex>
          <authtype>0</authtype>
          <username></username>
          <password></password>
          <publickey></publickey>
          <privatekey></privatekey>
          <params></params>
          <trapper_hosts></trapper_hosts>
          <snmp_community></snmp_community>
          <snmp_oid></snmp_oid>
          <snmp_port>161</snmp_port>
          <snmpv3_securityname></snmpv3_securityname>
          <snmpv3_securitylevel>0</snmpv3_securitylevel>
          <snmpv3_authpassphrase></snmpv3_authpassphrase>
          <snmpv3_privpassphrase></snmpv3_privpassphrase>
          <applications>
            <application>Memcached</application>
          </applications>
        </item>
        <item type="7" key="memchd.bytes_written" value_type="3">
          <description>Bytes Sent by Memcache server per second</description>
          <ipmi_sensor></ipmi_sensor>
          <delay>300</delay>
          <history>60</history>
          <trends>365</trends>
          <status>0</status>
          <data_type>0</data_type>
          <units>B</units>
          <multiplier>0</multiplier>
          <delta>0</delta>
          <formula>1</formula>
          <lastlogsize>0</lastlogsize>
          <logtimefmt></logtimefmt>
          <delay_flex></delay_flex>
          <authtype>0</authtype>
          <username></username>
          <password></password>
          <publickey></publickey>
          <privatekey></privatekey>
          <params></params>
          <trapper_hosts></trapper_hosts>
          <snmp_community></snmp_community>
          <snmp_oid></snmp_oid>
          <snmp_port>161</snmp_port>
          <snmpv3_securityname></snmpv3_securityname>
          <snmpv3_securitylevel>0</snmpv3_securitylevel>
          <snmpv3_authpassphrase></snmpv3_authpassphrase>
          <snmpv3_privpassphrase></snmpv3_privpassphrase>
          <applications>
            <application>Memcached</application>
          </applications>
        </item>
        <item type="7" key="memchd.cmd_get" value_type="3">
          <description>Total number of retrieval requests</description>
          <ipmi_sensor></ipmi_sensor>
          <delay>300</delay>
          <history>60</history>
          <trends>365</trends>
          <status>0</status>
          <data_type>0</data_type>
          <units></units>
          <multiplier>0</multiplier>
          <delta>0</delta>
          <formula>1</formula>
          <lastlogsize>0</lastlogsize>
          <logtimefmt></logtimefmt>
          <delay_flex></delay_flex>
          <authtype>0</authtype>
          <username></username>
          <password></password>
          <publickey></publickey>
          <privatekey></privatekey>
          <params></params>
          <trapper_hosts></trapper_hosts>
          <snmp_community></snmp_community>
          <snmp_oid></snmp_oid>
          <snmp_port>161</snmp_port>
          <snmpv3_securityname></snmpv3_securityname>
          <snmpv3_securitylevel>0</snmpv3_securitylevel>
          <snmpv3_authpassphrase></snmpv3_authpassphrase>
          <snmpv3_privpassphrase></snmpv3_privpassphrase>
          <applications>
            <application>Memcached</application>
          </applications>
        </item>
        <item type="7" key="memchd.cmd_set" value_type="3">
          <description>Total number of storage requests</description>
          <ipmi_sensor></ipmi_sensor>
          <delay>300</delay>
          <history>60</history>
          <trends>365</trends>
          <status>0</status>
          <data_type>0</data_type>
          <units></units>
          <multiplier>0</multiplier>
          <delta>0</delta>
          <formula>1</formula>
          <lastlogsize>0</lastlogsize>
          <logtimefmt></logtimefmt>
          <delay_flex></delay_flex>
          <authtype>0</authtype>
          <username></username>
          <password></password>
          <publickey></publickey>
          <privatekey></privatekey>
          <params></params>
          <trapper_hosts></trapper_hosts>
          <snmp_community></snmp_community>
          <snmp_oid></snmp_oid>
          <snmp_port>161</snmp_port>
          <snmpv3_securityname></snmpv3_securityname>
          <snmpv3_securitylevel>0</snmpv3_securitylevel>
          <snmpv3_authpassphrase></snmpv3_authpassphrase>
          <snmpv3_privpassphrase></snmpv3_privpassphrase>
          <applications>
            <application>Memcached</application>
          </applications>
        </item>
        <item type="7" key="memchd.conn_struct" value_type="3">
          <description>Number of connection structures allocated by memcache server</description>
          <ipmi_sensor></ipmi_sensor>
          <delay>300</delay>
          <history>60</history>
          <trends>365</trends>
          <status>0</status>
          <data_type>0</data_type>
          <units></units>
          <multiplier>0</multiplier>
          <delta>0</delta>
          <formula>1</formula>
          <lastlogsize>0</lastlogsize>
          <logtimefmt></logtimefmt>
          <delay_flex></delay_flex>
          <authtype>0</authtype>
          <username></username>
          <password></password>
          <publickey></publickey>
          <privatekey></privatekey>
          <params></params>
          <trapper_hosts></trapper_hosts>
          <snmp_community></snmp_community>
          <snmp_oid></snmp_oid>
          <snmp_port>161</snmp_port>
          <snmpv3_securityname></snmpv3_securityname>
          <snmpv3_securitylevel>0</snmpv3_securitylevel>
          <snmpv3_authpassphrase></snmpv3_authpassphrase>
          <snmpv3_privpassphrase></snmpv3_privpassphrase>
          <applications>
            <application>Memcached</application>
          </applications>
        </item>
        <item type="7" key="memchd.curr_conn" value_type="3">
          <description>Current number of open connections</description>
          <ipmi_sensor></ipmi_sensor>
          <delay>300</delay>
          <history>60</history>
          <trends>365</trends>
          <status>0</status>
          <data_type>0</data_type>
          <units></units>
          <multiplier>0</multiplier>
          <delta>0</delta>
          <formula>1</formula>
          <lastlogsize>0</lastlogsize>
          <logtimefmt></logtimefmt>
          <delay_flex></delay_flex>
          <authtype>0</authtype>
          <username></username>
          <password></password>
          <publickey></publickey>
          <privatekey></privatekey>
          <params></params>
          <trapper_hosts></trapper_hosts>
          <snmp_community></snmp_community>
          <snmp_oid></snmp_oid>
          <snmp_port>161</snmp_port>
          <snmpv3_securityname></snmpv3_securityname>
          <snmpv3_securitylevel>0</snmpv3_securitylevel>
          <snmpv3_authpassphrase></snmpv3_authpassphrase>
          <snmpv3_privpassphrase></snmpv3_privpassphrase>
          <applications>
            <application>Memcached</application>
          </applications>
        </item>
        <item type="7" key="memchd.curr_items" value_type="3">
          <description>Current number of items stored</description>
          <ipmi_sensor></ipmi_sensor>
          <delay>300</delay>
          <history>60</history>
          <trends>365</trends>
          <status>0</status>
          <data_type>0</data_type>
          <units></units>
          <multiplier>0</multiplier>
          <delta>0</delta>
          <formula>1</formula>
          <lastlogsize>0</lastlogsize>
          <logtimefmt></logtimefmt>
          <delay_flex></delay_flex>
          <authtype>0</authtype>
          <username></username>
          <password></password>
          <publickey></publickey>
          <privatekey></privatekey>
          <params></params>
          <trapper_hosts></trapper_hosts>
          <snmp_community></snmp_community>
          <snmp_oid></snmp_oid>
          <snmp_port>161</snmp_port>
          <snmpv3_securityname></snmpv3_securityname>
          <snmpv3_securitylevel>0</snmpv3_securitylevel>
          <snmpv3_authpassphrase></snmpv3_authpassphrase>
          <snmpv3_privpassphrase></snmpv3_privpassphrase>
          <applications>
            <application>Memcached</application>
          </applications>
        </item>
        <item type="7" key="memchd.evictions" value_type="3">
          <description>Number of valid items removed from cache to free memory for new items</description>
          <ipmi_sensor></ipmi_sensor>
          <delay>300</delay>
          <history>60</history>
          <trends>365</trends>
          <status>0</status>
          <data_type>0</data_type>
          <units></units>
          <multiplier>0</multiplier>
          <delta>0</delta>
          <formula>1</formula>
          <lastlogsize>0</lastlogsize>
          <logtimefmt></logtimefmt>
          <delay_flex></delay_flex>
          <authtype>0</authtype>
          <username></username>
          <password></password>
          <publickey></publickey>
          <privatekey></privatekey>
          <params></params>
          <trapper_hosts></trapper_hosts>
          <snmp_community></snmp_community>
          <snmp_oid></snmp_oid>
          <snmp_port>161</snmp_port>
          <snmpv3_securityname></snmpv3_securityname>
          <snmpv3_securitylevel>0</snmpv3_securitylevel>
          <snmpv3_authpassphrase></snmpv3_authpassphrase>
          <snmpv3_privpassphrase></snmpv3_privpassphrase>
          <applications>
            <application>Memcached</application>
          </applications>
        </item>
        <item type="7" key="memchd.get_hits" value_type="3">
          <description>Keys requested and found successfully</description>
          <ipmi_sensor></ipmi_sensor>
          <delay>300</delay>
          <history>60</history>
          <trends>365</trends>
          <status>0</status>
          <data_type>0</data_type>
          <units></units>
          <multiplier>0</multiplier>
          <delta>0</delta>
          <formula>1</formula>
          <lastlogsize>0</lastlogsize>
          <logtimefmt></logtimefmt>
          <delay_flex></delay_flex>
          <authtype>0</authtype>
          <username></username>
          <password></password>
          <publickey></publickey>
          <privatekey></privatekey>
          <params></params>
          <trapper_hosts></trapper_hosts>
          <snmp_community></snmp_community>
          <snmp_oid></snmp_oid>
          <snmp_port>161</snmp_port>
          <snmpv3_securityname></snmpv3_securityname>
          <snmpv3_securitylevel>0</snmpv3_securitylevel>
          <snmpv3_authpassphrase></snmpv3_authpassphrase>
          <snmpv3_privpassphrase></snmpv3_privpassphrase>
          <applications>
            <application>Memcached</application>
          </applications>
        </item>
        <item type="7" key="memchd.get_misses" value_type="3">
          <description>Items requested but not found</description>
          <ipmi_sensor></ipmi_sensor>
          <delay>300</delay>
          <history>60</history>
          <trends>365</trends>
          <status>0</status>
          <data_type>0</data_type>
          <units></units>
          <multiplier>0</multiplier>
          <delta>0</delta>
          <formula>1</formula>
          <lastlogsize>0</lastlogsize>
          <logtimefmt></logtimefmt>
          <delay_flex></delay_flex>
          <authtype>0</authtype>
          <username></username>
          <password></password>
          <publickey></publickey>
          <privatekey></privatekey>
          <params></params>
          <trapper_hosts></trapper_hosts>
          <snmp_community></snmp_community>
          <snmp_oid></snmp_oid>
          <snmp_port>161</snmp_port>
          <snmpv3_securityname></snmpv3_securityname>
          <snmpv3_securitylevel>0</snmpv3_securitylevel>
          <snmpv3_authpassphrase></snmpv3_authpassphrase>
          <snmpv3_privpassphrase></snmpv3_privpassphrase>
          <applications>
            <application>Memcached</application>
          </applications>
        </item>
        <item type="7" key="memchd.limit_maxbytes" value_type="3">
          <description>Max bytes allowed for storage by Memcache server</description>
          <ipmi_sensor></ipmi_sensor>
          <delay>300</delay>
          <history>60</history>
          <trends>365</trends>
          <status>0</status>
          <data_type>0</data_type>
          <units>B</units>
          <multiplier>0</multiplier>
          <delta>0</delta>
          <formula>1</formula>
          <lastlogsize>0</lastlogsize>
          <logtimefmt></logtimefmt>
          <delay_flex></delay_flex>
          <authtype>0</authtype>
          <username></username>
          <password></password>
          <publickey></publickey>
          <privatekey></privatekey>
          <params></params>
          <trapper_hosts></trapper_hosts>
          <snmp_community></snmp_community>
          <snmp_oid></snmp_oid>
          <snmp_port>161</snmp_port>
          <snmpv3_securityname></snmpv3_securityname>
          <snmpv3_securitylevel>0</snmpv3_securitylevel>
          <snmpv3_authpassphrase></snmpv3_authpassphrase>
          <snmpv3_privpassphrase></snmpv3_privpassphrase>
          <applications>
            <application>Memcached</application>
          </applications>
        </item>
        <item type="7" key="memchd.pid" value_type="3">
          <description>PID of Memcached process</description>
          <ipmi_sensor></ipmi_sensor>
          <delay>300</delay>
          <history>60</history>
          <trends>365</trends>
          <status>0</status>
          <data_type>0</data_type>
          <units></units>
          <multiplier>0</multiplier>
          <delta>0</delta>
          <formula>1</formula>
          <lastlogsize>0</lastlogsize>
          <logtimefmt></logtimefmt>
          <delay_flex></delay_flex>
          <authtype>0</authtype>
          <username></username>
          <password></password>
          <publickey></publickey>
          <privatekey></privatekey>
          <params></params>
          <trapper_hosts></trapper_hosts>
          <snmp_community></snmp_community>
          <snmp_oid></snmp_oid>
          <snmp_port>161</snmp_port>
          <snmpv3_securityname></snmpv3_securityname>
          <snmpv3_securitylevel>0</snmpv3_securitylevel>
          <snmpv3_authpassphrase></snmpv3_authpassphrase>
          <snmpv3_privpassphrase></snmpv3_privpassphrase>
          <applications>
            <application>Memcached</application>
          </applications>
        </item>
        <item type="7" key="memchd.rusage_system" value_type="0">
          <description>Current system time being utilized for memcache operations</description>
          <ipmi_sensor></ipmi_sensor>
          <delay>300</delay>
          <history>90</history>
          <trends>365</trends>
          <status>0</status>
          <data_type>0</data_type>
          <units></units>
          <multiplier>0</multiplier>
          <delta>0</delta>
          <formula>1</formula>
          <lastlogsize>0</lastlogsize>
          <logtimefmt></logtimefmt>
          <delay_flex></delay_flex>
          <authtype>0</authtype>
          <username></username>
          <password></password>
          <publickey></publickey>
          <privatekey></privatekey>
          <params></params>
          <trapper_hosts></trapper_hosts>
          <snmp_community></snmp_community>
          <snmp_oid></snmp_oid>
          <snmp_port>161</snmp_port>
          <snmpv3_securityname></snmpv3_securityname>
          <snmpv3_securitylevel>0</snmpv3_securitylevel>
          <snmpv3_authpassphrase></snmpv3_authpassphrase>
          <snmpv3_privpassphrase></snmpv3_privpassphrase>
          <applications>
            <application>Memcached</application>
          </applications>
        </item>
        <item type="7" key="memchd.rusage_user" value_type="0">
          <description>Current user time being utilized for memcache operations</description>
          <ipmi_sensor></ipmi_sensor>
          <delay>300</delay>
          <history>90</history>
          <trends>365</trends>
          <status>0</status>
          <data_type>0</data_type>
          <units></units>
          <multiplier>0</multiplier>
          <delta>0</delta>
          <formula>1</formula>
          <lastlogsize>0</lastlogsize>
          <logtimefmt></logtimefmt>
          <delay_flex></delay_flex>
          <authtype>0</authtype>
          <username></username>
          <password></password>
          <publickey></publickey>
          <privatekey></privatekey>
          <params></params>
          <trapper_hosts></trapper_hosts>
          <snmp_community></snmp_community>
          <snmp_oid></snmp_oid>
          <snmp_port>161</snmp_port>
          <snmpv3_securityname></snmpv3_securityname>
          <snmpv3_securitylevel>0</snmpv3_securitylevel>
          <snmpv3_authpassphrase></snmpv3_authpassphrase>
          <snmpv3_privpassphrase></snmpv3_privpassphrase>
          <applications>
            <application>Memcached</application>
          </applications>
        </item>
        <item type="7" key="memchd.threads" value_type="3">
          <description>Number of requested worker threads</description>
          <ipmi_sensor></ipmi_sensor>
          <delay>300</delay>
          <history>60</history>
          <trends>365</trends>
          <status>0</status>
          <data_type>0</data_type>
          <units></units>
          <multiplier>0</multiplier>
          <delta>0</delta>
          <formula>1</formula>
          <lastlogsize>0</lastlogsize>
          <logtimefmt></logtimefmt>
          <delay_flex></delay_flex>
          <authtype>0</authtype>
          <username></username>
          <password></password>
          <publickey></publickey>
          <privatekey></privatekey>
          <params></params>
          <trapper_hosts></trapper_hosts>
          <snmp_community></snmp_community>
          <snmp_oid></snmp_oid>
          <snmp_port>161</snmp_port>
          <snmpv3_securityname></snmpv3_securityname>
          <snmpv3_securitylevel>0</snmpv3_securitylevel>
          <snmpv3_authpassphrase></snmpv3_authpassphrase>
          <snmpv3_privpassphrase></snmpv3_privpassphrase>
          <applications>
            <application>Memcached</application>
          </applications>
        </item>
        <item type="7" key="memchd.total_conn" value_type="3">
          <description>Total number of connections opened since memcached started</description>
          <ipmi_sensor></ipmi_sensor>
          <delay>300</delay>
          <history>60</history>
          <trends>365</trends>
          <status>0</status>
          <data_type>0</data_type>
          <units></units>
          <multiplier>0</multiplier>
          <delta>0</delta>
          <formula>1</formula>
          <lastlogsize>0</lastlogsize>
          <logtimefmt></logtimefmt>
          <delay_flex></delay_flex>
          <authtype>0</authtype>
          <username></username>
          <password></password>
          <publickey></publickey>
          <privatekey></privatekey>
          <params></params>
          <trapper_hosts></trapper_hosts>
          <snmp_community></snmp_community>
          <snmp_oid></snmp_oid>
          <snmp_port>161</snmp_port>
          <snmpv3_securityname></snmpv3_securityname>
          <snmpv3_securitylevel>0</snmpv3_securitylevel>
          <snmpv3_authpassphrase></snmpv3_authpassphrase>
          <snmpv3_privpassphrase></snmpv3_privpassphrase>
          <applications>
            <application>Memcached</application>
          </applications>
        </item>
        <item type="7" key="memchd.total_items" value_type="3">
          <description>Total number of items stored since start of Memcache instance</description>
          <ipmi_sensor></ipmi_sensor>
          <delay>300</delay>
          <history>60</history>
          <trends>365</trends>
          <status>0</status>
          <data_type>0</data_type>
          <units></units>
          <multiplier>0</multiplier>
          <delta>0</delta>
          <formula>1</formula>
          <lastlogsize>0</lastlogsize>
          <logtimefmt></logtimefmt>
          <delay_flex></delay_flex>
          <authtype>0</authtype>
          <username></username>
          <password></password>
          <publickey></publickey>
          <privatekey></privatekey>
          <params></params>
          <trapper_hosts></trapper_hosts>
          <snmp_community></snmp_community>
          <snmp_oid></snmp_oid>
          <snmp_port>161</snmp_port>
          <snmpv3_securityname></snmpv3_securityname>
          <snmpv3_securitylevel>0</snmpv3_securitylevel>
          <snmpv3_authpassphrase></snmpv3_authpassphrase>
          <snmpv3_privpassphrase></snmpv3_privpassphrase>
          <applications>
            <application>Memcached</application>
          </applications>
        </item>
        <item type="7" key="memchd.tribily.ver" value_type="0">
          <description>Tribily Memcached Monitoring Script Version</description>
          <ipmi_sensor></ipmi_sensor>
          <delay>120</delay>
          <history>60</history>
          <trends>365</trends>
          <status>0</status>
          <data_type>0</data_type>
          <units></units>
          <multiplier>0</multiplier>
          <delta>0</delta>
          <formula>1</formula>
          <lastlogsize>0</lastlogsize>
          <logtimefmt></logtimefmt>
          <delay_flex></delay_flex>
          <authtype>0</authtype>
          <username></username>
          <password></password>
          <publickey></publickey>
          <privatekey></privatekey>
          <params></params>
          <trapper_hosts></trapper_hosts>
          <snmp_community></snmp_community>
          <snmp_oid></snmp_oid>
          <snmp_port>161</snmp_port>
          <snmpv3_securityname></snmpv3_securityname>
          <snmpv3_securitylevel>0</snmpv3_securitylevel>
          <snmpv3_authpassphrase></snmpv3_authpassphrase>
          <snmpv3_privpassphrase></snmpv3_privpassphrase>
          <applications>
            <application>Memcached</application>
          </applications>
        </item>
        <item type="7" key="memchd.uptime" value_type="3">
          <description>Uptime in seconds of Memcached Server</description>
          <ipmi_sensor></ipmi_sensor>
          <delay>300</delay>
          <history>60</history>
          <trends>365</trends>
          <status>0</status>
          <data_type>0</data_type>
          <units></units>
          <multiplier>0</multiplier>
          <delta>0</delta>
          <formula>1</formula>
          <lastlogsize>0</lastlogsize>
          <logtimefmt></logtimefmt>
          <delay_flex></delay_flex>
          <authtype>0</authtype>
          <username></username>
          <password></password>
          <publickey></publickey>
          <privatekey></privatekey>
          <params></params>
          <trapper_hosts></trapper_hosts>
          <snmp_community></snmp_community>
          <snmp_oid></snmp_oid>
          <snmp_port>161</snmp_port>
          <snmpv3_securityname></snmpv3_securityname>
          <snmpv3_securitylevel>0</snmpv3_securitylevel>
          <snmpv3_authpassphrase></snmpv3_authpassphrase>
          <snmpv3_privpassphrase></snmpv3_privpassphrase>
          <applications>
            <application>Memcached</application>
          </applications>
        </item>
        <item type="7" key="memchd.version" value_type="4">
          <description>Memcached Version</description>
          <ipmi_sensor></ipmi_sensor>
          <delay>1800</delay>
          <history>60</history>
          <trends>365</trends>
          <status>0</status>
          <data_type>0</data_type>
          <units></units>
          <multiplier>0</multiplier>
          <delta>0</delta>
          <formula>1</formula>
          <lastlogsize>0</lastlogsize>
          <logtimefmt></logtimefmt>
          <delay_flex></delay_flex>
          <authtype>0</authtype>
          <username></username>
          <password></password>
          <publickey></publickey>
          <privatekey></privatekey>
          <params></params>
          <trapper_hosts></trapper_hosts>
          <snmp_community></snmp_community>
          <snmp_oid></snmp_oid>
          <snmp_port>161</snmp_port>
          <snmpv3_securityname></snmpv3_securityname>
          <snmpv3_securitylevel>0</snmpv3_securitylevel>
          <snmpv3_authpassphrase></snmpv3_authpassphrase>
          <snmpv3_privpassphrase></snmpv3_privpassphrase>
          <applications>
            <application>Memcached</application>
          </applications>
        </item>
        <item type="7" key="net.tcp.service[tcp,,11211]" value_type="3">
          <description>Status of Memcached Service</description>
          <ipmi_sensor></ipmi_sensor>
          <delay>300</delay>
          <history>60</history>
          <trends>365</trends>
          <status>0</status>
          <data_type>0</data_type>
          <units></units>
          <multiplier>0</multiplier>
          <delta>0</delta>
          <formula>1</formula>
          <lastlogsize>0</lastlogsize>
          <logtimefmt></logtimefmt>
          <delay_flex></delay_flex>
          <authtype>0</authtype>
          <username></username>
          <password></password>
          <publickey></publickey>
          <privatekey></privatekey>
          <params></params>
          <trapper_hosts></trapper_hosts>
          <snmp_community></snmp_community>
          <snmp_oid></snmp_oid>
          <snmp_port>161</snmp_port>
          <snmpv3_securityname></snmpv3_securityname>
          <snmpv3_securitylevel>0</snmpv3_securitylevel>
          <snmpv3_authpassphrase></snmpv3_authpassphrase>
          <snmpv3_privpassphrase></snmpv3_privpassphrase>
          <applications>
            <application>Memcached</application>
          </applications>
        </item>
        <item type="7" key="proc.mem[memcached]" value_type="3">
          <description>Used memory by memcached process</description>
          <ipmi_sensor></ipmi_sensor>
          <delay>300</delay>
          <history>60</history>
          <trends>365</trends>
          <status>0</status>
          <data_type>0</data_type>
          <units>B</units>
          <multiplier>0</multiplier>
          <delta>0</delta>
          <formula>1</formula>
          <lastlogsize>0</lastlogsize>
          <logtimefmt></logtimefmt>
          <delay_flex></delay_flex>
          <authtype>0</authtype>
          <username></username>
          <password></password>
          <publickey></publickey>
          <privatekey></privatekey>
          <params></params>
          <trapper_hosts></trapper_hosts>
          <snmp_community></snmp_community>
          <snmp_oid></snmp_oid>
          <snmp_port>161</snmp_port>
          <snmpv3_securityname></snmpv3_securityname>
          <snmpv3_securitylevel>0</snmpv3_securitylevel>
          <snmpv3_authpassphrase></snmpv3_authpassphrase>
          <snmpv3_privpassphrase></snmpv3_privpassphrase>
          <applications>
            <application>Memcached</application>
          </applications>
        </item>
      </items>
      <templates/>
      <graphs>
        <graph name="Read_vs_Sent_vs_Stored_Bytes" width="900" height="200">
          <ymin_type>0</ymin_type>
          <ymax_type>0</ymax_type>
          <ymin_item_key></ymin_item_key>
          <ymax_item_key></ymax_item_key>
          <show_work_period>0</show_work_period>
          <show_triggers>0</show_triggers>
          <graphtype>0</graphtype>
          <yaxismin>0.0000</yaxismin>
          <yaxismax>100.0000</yaxismax>
          <show_legend>0</show_legend>
          <show_3d>0</show_3d>
          <percent_left>0.0000</percent_left>
          <percent_right>0.0000</percent_right>
          <graph_elements>
            <graph_element item="Tpl_Tribily_App_Memcached_Extended_v1.0:memchd.bytes_read">
              <drawtype>2</drawtype>
              <sortorder>0</sortorder>
              <color>009900</color>
              <yaxisside>0</yaxisside>
              <calc_fnc>2</calc_fnc>
              <type>0</type>
              <periods_cnt>5</periods_cnt>
            </graph_element>
            <graph_element item="Tpl_Tribily_App_Memcached_Extended_v1.0:memchd.bytes">
              <drawtype>2</drawtype>
              <sortorder>0</sortorder>
              <color>DD0000</color>
              <yaxisside>0</yaxisside>
              <calc_fnc>2</calc_fnc>
              <type>0</type>
              <periods_cnt>5</periods_cnt>
            </graph_element>
            <graph_element item="Tpl_Tribily_App_Memcached_Extended_v1.0:memchd.bytes_written">
              <drawtype>2</drawtype>
              <sortorder>1</sortorder>
              <color>0000CC</color>
              <yaxisside>0</yaxisside>
              <calc_fnc>2</calc_fnc>
              <type>0</type>
              <periods_cnt>5</periods_cnt>
            </graph_element>
          </graph_elements>
        </graph>
        <graph name="Utilization_Overview" width="900" height="200">
          <ymin_type>0</ymin_type>
          <ymax_type>0</ymax_type>
          <ymin_item_key></ymin_item_key>
          <ymax_item_key></ymax_item_key>
          <show_work_period>0</show_work_period>
          <show_triggers>0</show_triggers>
          <graphtype>0</graphtype>
          <yaxismin>0.0000</yaxismin>
          <yaxismax>100.0000</yaxismax>
          <show_legend>0</show_legend>
          <show_3d>0</show_3d>
          <percent_left>0.0000</percent_left>
          <percent_right>0.0000</percent_right>
          <graph_elements>
            <graph_element item="Tpl_Tribily_App_Memcached_Extended_v1.0:memchd.rusage_system">
              <drawtype>2</drawtype>
              <sortorder>0</sortorder>
              <color>009900</color>
              <yaxisside>0</yaxisside>
              <calc_fnc>2</calc_fnc>
              <type>0</type>
              <periods_cnt>5</periods_cnt>
            </graph_element>
            <graph_element item="Tpl_Tribily_App_Memcached_Extended_v1.0:memchd.bytes">
              <drawtype>2</drawtype>
              <sortorder>1</sortorder>
              <color>990000</color>
              <yaxisside>0</yaxisside>
              <calc_fnc>2</calc_fnc>
              <type>0</type>
              <periods_cnt>5</periods_cnt>
            </graph_element>
            <graph_element item="Tpl_Tribily_App_Memcached_Extended_v1.0:memchd.evictions">
              <drawtype>2</drawtype>
              <sortorder>1</sortorder>
              <color>CCCC00</color>
              <yaxisside>0</yaxisside>
              <calc_fnc>2</calc_fnc>
              <type>0</type>
              <periods_cnt>5</periods_cnt>
            </graph_element>
            <graph_element item="Tpl_Tribily_App_Memcached_Extended_v1.0:proc.mem[memcached]">
              <drawtype>2</drawtype>
              <sortorder>2</sortorder>
              <color>CC00CC</color>
              <yaxisside>0</yaxisside>
              <calc_fnc>2</calc_fnc>
              <type>0</type>
              <periods_cnt>5</periods_cnt>
            </graph_element>
            <graph_element item="Tpl_Tribily_App_Memcached_Extended_v1.0:memchd.get_misses">
              <drawtype>2</drawtype>
              <sortorder>3</sortorder>
              <color>00BBBB</color>
              <yaxisside>0</yaxisside>
              <calc_fnc>2</calc_fnc>
              <type>0</type>
              <periods_cnt>5</periods_cnt>
            </graph_element>
            <graph_element item="Tpl_Tribily_App_Memcached_Extended_v1.0:memchd.curr_items">
              <drawtype>2</drawtype>
              <sortorder>4</sortorder>
              <color>33FF33</color>
              <yaxisside>0</yaxisside>
              <calc_fnc>2</calc_fnc>
              <type>0</type>
              <periods_cnt>5</periods_cnt>
            </graph_element>
            <graph_element item="Tpl_Tribily_App_Memcached_Extended_v1.0:memchd.curr_conn">
              <drawtype>2</drawtype>
              <sortorder>5</sortorder>
              <color>FF6666</color>
              <yaxisside>0</yaxisside>
              <calc_fnc>2</calc_fnc>
              <type>0</type>
              <periods_cnt>5</periods_cnt>
            </graph_element>
            <graph_element item="Tpl_Tribily_App_Memcached_Extended_v1.0:memchd.rusage_user">
              <drawtype>2</drawtype>
              <sortorder>6</sortorder>
              <color>0000CC</color>
              <yaxisside>0</yaxisside>
              <calc_fnc>2</calc_fnc>
              <type>0</type>
              <periods_cnt>5</periods_cnt>
            </graph_element>
          </graph_elements>
        </graph>
        <graph name="Overall_Stats" width="900" height="200">
          <ymin_type>0</ymin_type>
          <ymax_type>0</ymax_type>
          <ymin_item_key></ymin_item_key>
          <ymax_item_key></ymax_item_key>
          <show_work_period>0</show_work_period>
          <show_triggers>0</show_triggers>
          <graphtype>0</graphtype>
          <yaxismin>0.0000</yaxismin>
          <yaxismax>100.0000</yaxismax>
          <show_legend>0</show_legend>
          <show_3d>0</show_3d>
          <percent_left>0.0000</percent_left>
          <percent_right>0.0000</percent_right>
          <graph_elements>
            <graph_element item="Tpl_Tribily_App_Memcached_Extended_v1.0:memchd.total_conn">
              <drawtype>2</drawtype>
              <sortorder>0</sortorder>
              <color>009900</color>
              <yaxisside>0</yaxisside>
              <calc_fnc>2</calc_fnc>
              <type>0</type>
              <periods_cnt>5</periods_cnt>
            </graph_element>
            <graph_element item="Tpl_Tribily_App_Memcached_Extended_v1.0:memchd.cmd_set">
              <drawtype>2</drawtype>
              <sortorder>1</sortorder>
              <color>0000CC</color>
              <yaxisside>0</yaxisside>
              <calc_fnc>2</calc_fnc>
              <type>0</type>
              <periods_cnt>5</periods_cnt>
            </graph_element>
            <graph_element item="Tpl_Tribily_App_Memcached_Extended_v1.0:memchd.cmd_get">
              <drawtype>2</drawtype>
              <sortorder>1</sortorder>
              <color>CC00CC</color>
              <yaxisside>0</yaxisside>
              <calc_fnc>2</calc_fnc>
              <type>0</type>
              <periods_cnt>5</periods_cnt>
            </graph_element>
            <graph_element item="Tpl_Tribily_App_Memcached_Extended_v1.0:memchd.total_items">
              <drawtype>2</drawtype>
              <sortorder>2</sortorder>
              <color>DD0000</color>
              <yaxisside>0</yaxisside>
              <calc_fnc>2</calc_fnc>
              <type>0</type>
              <periods_cnt>5</periods_cnt>
            </graph_element>
          </graph_elements>
        </graph>
      </graphs>
      <macros/>
    </host>
  </hosts>
  <dependencies/>
</zabbix_export>
